Date/Time,Time/Min.,A1,B1,C1,D1,A2,B2,C2,D2,A3,B3,C3,D3,A4,B4,C4,D4,A5,B5,C5,D5,A6,B6,C6,D6,,Tm [°C],p [mbar],Salinity [g/1000g],T_internal [°C],Error
16.04.26 11:22:13,0.03,233.42,236.5,218.6,231.13,231.89,235.34,210.35,229.6,234.96,224.27,212.59,228.07,233.42,243.84,240.74,201.81,239.2,242.29,243.45,230.75,245.39,246.95,252.81,246.56,,25,965,0,25.37,
16.04.26 11:22:28,0.28,234.58,236.11,218.6,232.28,232.66,235.73,211.1,228.07,236.11,222.38,211.1,227.31,233.42,245,241.9,199.96,238.81,242.68,244.23,231.51,245.39,247.34,253.6,246.56,,25,965,0,25.34,
16.04.26 11:22:43,0.53,234.58,236.5,218.98,232.28,232.28,235.34,211.1,228.07,235.73,221.62,210.72,226.55,232.66,244.23,240.74,198.12,239.97,243.06,243.84,230.36,245.78,247.34,253.99,246.56,,25,965,0,25.33,
16.04.26 11:22:58,0.78,235.34,237.27,214.46,233.04,234.19,235.73,211.47,231.89,236.11,220.11,209.98,226.55,231.89,245,241.9,197.02,239.97,243.45,244.62,230.75,246.17,247.73,253.99,246.95,,25,965,0,25.31,
16.04.26 11:23:13,1.03,235.73,238.04,213.34,232.66,233.42,236.88,211.47,229.6,236.5,219.73,208.48,225.41,231.89,245,241.51,195.55,238.81,242.68,244.23,230.75,245.78,248.12,253.2,246.95,,25,965,0,25.29,
16.04.26 11:23:28,1.28,235.73,238.81,212.97,233.42,233.04,237.27,211.1,227.69,237.27,220.49,207.37,225.79,232.66,245,241.51,194.08,240.74,243.45,244.62,229.98,247.34,247.73,254.38,247.34,,25,965,0,25.3,
16.04.26 11:23:43,1.53,235.34,238.42,211.84,234.96,233.81,236.88,209.98,230.75,237.27,219.73,207.74,222.76,231.51,245.39,241.9,192.62,241.9,244.23,245.39,231.13,246.17,246.56,253.6,246.95,,25,965,0,25.27,
16.04.26 11:23:58,1.78,236.5,238.81,212.59,234.96,234.58,235.34,211.1,230.75,237.65,220.49,207.37,223.13,231.89,245.78,241.9,191.52,241.9,244.62,245,232.66,246.17,248.51,253.6,246.17,,25,965,0,25.26,
16.04.26 11:24:13,2.03,234.96,238.81,211.84,234.58,233.81,234.58,209.98,231.13,237.65,220.49,206.25,223.51,231.51,245,241.51,190.43,243.45,243.84,245,231.13,246.17,248.12,253.2,246.56,,25,965,0,25.26,
16.04.26 11:24:28,2.28,234.96,239.58,211.84,234.58,233.81,234.58,208.86,226.55,238.04,221.62,205.88,225.03,231.51,244.62,241.9,188.24,242.68,244.62,245.39,230.75,246.95,248.12,253.2,246.95,,25,965,0,25.26,
16.04.26 11:24:43,2.53,235.34,239.2,212.22,234.58,235.34,234.58,208.86,226.93,239.2,223.51,205.51,225.79,231.89,245.39,243.06,187.51,241.9,245.78,245.78,229.22,247.73,249.29,253.99,247.34,,25,965,0,25.26,
16.04.26 11:24:58,2.78,234.96,239.97,212.22,233.81,234.19,234.96,207.37,227.31,238.04,223.89,204.4,226.17,231.51,245.78,242.29,185.7,239.58,245.78,246.56,228.07,247.73,249.29,253.99,247.34,,25,965,0,25.26,
16.04.26 11:25:13,3.03,235.73,239.97,211.1,233.04,234.19,235.73,205.88,228.84,238.42,225.03,203.29,226.93,229.98,245,241.51,183.16,238.81,246.17,246.17,225.41,246.95,248.9,253.6,247.34,,25,965,0,25.24,
16.04.26 11:25:28,3.28,235.73,239.2,211.47,232.66,234.96,235.73,203.29,229.22,237.65,225.03,201.81,226.93,230.36,245,241.9,182.08,237.65,245.39,246.17,223.51,247.34,249.29,253.99,248.51,,25,965,0,25.26,
16.04.26 11:25:44,3.55,234.96,239.97,210.72,232.28,235.34,235.73,201.07,227.69,238.42,226.93,201.07,226.55,228.84,245.39,241.9,180.28,238.42,245.78,246.17,217.47,246.95,249.29,253.6,247.73,,25,965,0,25.27,
16.04.26 11:25:59,3.8,236.11,241.13,211.1,232.28,235.34,235.34,198.12,226.93,238.42,227.31,201.44,226.17,228.84,245.39,241.51,178.84,238.42,246.17,246.95,217.47,246.95,248.51,253.99,248.12,,25,965,0,25.26,
16.04.26 11:26:14,4.05,235.73,239.58,211.1,230.36,234.19,235.73,195.55,228.84,238.04,228.45,200.33,224.65,228.84,244.62,241.13,178.48,238.04,245.78,246.17,216.72,248.12,248.51,253.99,247.34,,25,965,0,25.26,
16.04.26 11:26:29,4.3,236.11,240.35,211.47,229.6,235.34,236.11,194.45,230.75,237.65,228.84,200.33,224.65,229.6,245.39,240.35,177.04,237.27,246.56,247.34,216.72,247.34,249.68,253.6,248.12,,25,965,0,25.24,
16.04.26 11:26:44,4.55,236.5,239.58,211.47,227.69,235.34,236.5,192.25,224.65,238.04,229.22,199.22,222.76,229.22,243.45,239.2,175.61,237.65,246.56,246.95,219.73,248.51,249.68,253.2,247.73,,25,965,0,25.26,
16.04.26 11:26:59,4.8,236.5,239.97,211.1,226.93,234.96,236.5,189.7,224.27,237.65,229.22,198.49,220.86,228.84,243.84,239.58,173.82,236.5,246.56,246.95,219.73,247.73,249.29,254.38,248.12,,25,965,0,25.26,
16.04.26 11:27:14,5.05,236.88,239.97,210.35,226.93,234.96,236.5,187.88,222.38,237.65,228.84,197.02,219.73,228.45,242.68,239.2,172.74,235.73,246.56,246.95,220.49,247.73,249.68,253.99,248.9,,25,965,0,25.26,
16.04.26 11:27:29,5.3,236.88,240.35,210.72,225.79,234.58,235.73,186.06,220.11,237.27,228.45,196.65,218.6,228.07,242.68,238.04,172.74,234.96,246.17,246.95,218.98,247.73,248.9,253.99,248.12,,25,965,0,25.26,
16.04.26 11:27:44,5.55,236.88,240.35,209.6,225.41,234.58,236.5,186.06,221.24,237.65,228.45,195.55,219.73,228.45,240.74,237.65,172.74,235.73,246.56,247.73,219.35,248.12,249.68,254.38,249.29,,25,965,0,25.26,
16.04.26 11:27:59,5.8,236.88,240.35,209.98,226.93,233.81,236.5,186.06,220.11,236.5,228.07,194.08,219.35,227.69,241.13,236.5,170.6,235.34,245.78,247.34,216.34,247.73,250.07,254.38,248.9,,25,965,0,25.26,
16.04.26 11:28:14,6.05,237.27,239.58,209.6,228.07,233.04,236.5,186.42,220.11,236.5,228.45,192.62,220.49,225.79,240.35,235.73,169.53,235.34,245,246.95,214.84,247.73,249.68,253.6,248.51,,25,965,0,25.24,
16.04.26 11:28:29,6.3,237.27,238.81,209.23,229.22,232.28,236.11,186.06,220.11,236.11,229.22,192.98,220.86,225.41,239.2,235.34,168.11,235.34,245.39,246.95,213.34,248.51,249.29,253.2,248.51,,25,965,0,25.24,
16.04.26 11:28:44,6.55,236.88,239.2,209.98,229.6,232.66,236.5,187.15,220.86,236.11,229.6,192.25,221.62,225.41,238.42,234.96,167.76,234.96,245.39,247.34,211.84,248.12,248.9,254.38,247.73,,25,965,0,25.26,
16.04.26 11:28:59,6.8,236.88,238.81,209.23,229.98,232.28,235.73,186.79,220.86,234.96,228.45,191.16,221.24,224.65,238.42,234.96,167.05,234.19,245.78,246.95,209.98,248.51,249.68,253.6,248.9,,25,965,0,25.26,
16.04.26 11:29:15,7.07,236.5,239.58,208.86,229.22,232.28,234.58,187.51,217.47,235.34,229.22,191.52,222,224.27,238.04,235.73,166.69,234.58,246.17,246.95,207.74,248.12,249.29,253.99,248.12,,25,965,0,25.26,
16.04.26 11:29:30,7.32,236.88,239.58,209.23,230.36,232.28,233.04,188.97,217.47,234.96,228.45,192.25,222.76,223.89,237.65,236.11,165.63,234.58,245.39,248.12,206.25,248.12,250.85,253.6,248.51,,25,965,0,25.23,
16.04.26 11:29:45,7.57,236.11,239.97,208.11,229.98,232.66,232.28,189.7,216.34,234.96,229.22,190.43,222,224.27,237.65,236.5,164.57,235.73,244.62,247.73,204.77,248.9,250.07,253.6,248.9,,25,965,0,25.24,
16.04.26 11:30:00,7.82,235.73,239.97,207.74,228.84,231.13,232.28,192.98,214.46,234.58,228.84,191.16,221.62,223.51,236.5,236.11,164.21,234.96,245,248.12,202.55,248.51,249.68,253.6,248.51,,25,965,0,25.26,
16.04.26 11:30:15,8.07,235.34,239.97,207.37,225.79,229.98,231.13,192.98,212.22,234.19,229.22,190.43,221.24,223.51,236.5,235.34,163.51,234.96,243.84,247.73,202.92,247.73,249.29,252.81,246.95,,25,965,0,25.26,
16.04.26 11:30:30,8.32,234.58,239.97,207.37,225.41,229.98,230.75,193.71,210.35,233.04,229.22,190.06,220.86,223.51,236.5,235.34,162.8,234.96,243.84,246.95,202.18,247.73,249.29,252.42,247.34,,25,965,0,25.24,
16.04.26 11:30:45,8.57,234.19,239.2,207.37,225.41,229.22,229.98,192.25,212.59,232.28,228.07,190.43,220.11,223.13,236.11,233.81,161.39,234.96,243.45,246.95,201.07,247.73,248.9,252.42,247.73,,25,965,0,25.23,
16.04.26 11:31:00,8.82,234.58,238.81,206.62,225.41,229.6,229.98,191.52,212.97,231.89,228.07,190.43,219.73,223.51,236.5,233.81,161.39,234.96,244.23,246.95,201.81,248.51,249.29,252.03,247.73,,25,965,0,25.24,
16.04.26 11:31:15,9.07,233.42,239.58,206.25,226.17,228.07,228.45,187.88,212.22,230.75,226.17,188.24,218.6,222.76,236.5,232.28,159.98,234.58,241.9,246.95,201.81,247.73,247.73,252.42,246.95,,25,965,0,25.24,
16.04.26 11:31:30,9.32,231.89,239.2,205.14,226.55,227.69,227.31,185.34,212.59,229.22,226.17,188.97,219.73,222.38,235.34,233.04,160.69,233.42,242.29,246.56,202.92,246.95,248.12,251.64,245.78,,25,965,0,25.23,
16.04.26 11:31:45,9.57,231.51,239.2,204.77,226.55,228.45,228.07,184.97,212.59,229.6,226.55,188.61,218.98,222.76,235.34,233.04,160.33,234.96,241.9,245.78,201.44,247.34,248.9,251.64,248.12,,25,965,0,25.26,
16.04.26 11:32:00,9.82,231.89,239.2,204.4,226.93,227.31,228.07,185.34,213.34,229.22,226.17,187.51,217.85,221.62,236.11,233.42,159.98,234.96,242.29,244.62,198.12,247.73,249.68,252.03,246.95,,25,965,0,25.23,
16.04.26 11:32:15,10.07,231.13,237.65,203.66,226.17,227.69,228.84,184.97,209.98,228.84,226.55,187.15,216.72,222.38,235.34,233.42,159.98,234.96,241.51,244.62,195.91,248.51,248.12,252.03,246.95,,25,965,0,25.23,
16.04.26 11:32:30,10.32,230.75,238.42,203.66,225.03,226.17,228.84,184.61,207,228.45,225.79,187.88,215.97,222.38,236.11,233.42,159.63,235.34,242.29,245.39,195.55,248.12,249.68,252.42,247.34,,25,965,0,25.24,
16.04.26 11:32:45,10.57,231.13,239.97,202.92,223.51,225.41,228.84,184.61,207.74,228.45,224.65,186.42,214.09,221.62,235.73,232.66,157.87,235.34,241.51,244.62,197.02,247.34,248.9,252.42,247.73,,25,965,0,25.23,
16.04.26 11:33:00,10.82,229.98,238.81,202.55,223.51,224.27,228.45,185.34,211.84,228.07,226.55,187.15,212.97,222.38,235.34,231.89,156.82,234.96,240.35,243.84,196.65,247.34,248.9,252.42,247.73,,25,965,0,25.23,
16.04.26 11:33:15,11.07,229.6,238.42,202.55,223.51,222.38,226.55,184.97,208.48,228.07,226.93,185.7,211.47,221.62,234.58,231.51,154.72,235.34,241.13,243.84,194.08,248.51,249.29,252.81,248.12,,25,965,0,25.23,
16.04.26 11:33:30,11.32,229.22,239.2,201.07,223.51,222.38,223.51,184.25,209.98,226.93,226.93,184.97,211.84,221.62,235.73,230.75,154.02,235.34,241.13,244.23,194.45,246.95,248.9,252.03,248.9,,25,965,0,25.23,
16.04.26 11:33:45,11.57,229.22,238.04,202.18,224.65,220.49,221.62,184.97,213.34,226.93,226.55,184.97,212.59,220.86,235.34,229.98,153.67,234.19,241.13,243.45,194.08,248.51,250.46,252.42,248.51,,25,965,0,25.24,
16.04.26 11:34:01,11.83,229.22,238.42,201.07,224.27,219.73,220.86,185.34,211.84,227.69,225.41,184.97,212.22,221.24,234.19,229.22,152.97,233.81,240.35,243.84,194.81,247.73,250.07,252.42,248.9,,25,965,0,25.26,
16.04.26 11:34:16,12.08,228.84,238.04,200.33,223.13,218.6,219.35,185.34,211.47,226.93,224.27,184.25,212.59,220.11,233.42,228.45,149.14,233.42,241.13,243.45,194.08,247.34,249.29,252.81,248.51,,25,965,0,25.24,
16.04.26 11:34:31,12.33,228.84,237.65,199.96,223.51,218.6,219.73,185.34,209.23,227.69,223.89,184.61,212.22,219.73,232.66,227.69,146.72,233.42,240.35,243.84,195.18,247.73,248.9,253.6,248.9,,25,965,0,25.26,
16.04.26 11:34:46,12.58,228.07,237.65,198.86,223.13,217.85,220.49,185.7,212.22,226.93,221.24,184.25,212.22,218.22,231.13,228.07,146.02,231.89,239.97,243.06,192.98,247.73,249.68,252.81,248.51,,25,965,0,25.24,
16.04.26 11:35:01,12.83,228.84,237.65,199.22,224.27,216.34,220.11,185.7,211.84,227.31,221.62,185.34,212.22,219.35,230.36,227.69,146.02,230.75,239.2,243.06,191.89,248.12,250.07,252.81,248.9,,25,965,0,25.26,
16.04.26 11:35:16,13.08,228.45,237.27,198.86,222.38,217.09,219.35,185.34,211.84,226.55,222.38,185.34,212.22,218.98,230.75,228.07,145.33,230.75,239.2,242.68,191.16,247.73,249.68,252.81,248.9,,25,965,0,25.24,
16.04.26 11:35:31,13.33,228.45,237.27,198.49,223.51,217.47,218.6,185.34,213.34,226.93,222.76,185.7,213.71,218.98,229.6,227.69,145.33,231.13,238.04,242.29,191.89,248.12,249.68,253.2,249.29,,25,965,0,25.26,
16.04.26 11:35:46,13.58,229.22,237.65,198.12,223.13,215.59,217.09,184.61,213.34,226.55,223.13,185.7,210.72,218.6,228.45,226.55,144.99,230.36,237.27,242.29,193.71,249.29,250.07,253.2,248.9,,25,965,0,25.26,
16.04.26 11:36:01,13.83,229.22,236.5,197.02,222.76,216.34,216.34,182.08,214.09,227.31,224.27,185.34,211.1,218.22,228.45,226.55,144.29,230.36,237.27,241.51,194.81,248.12,249.29,252.81,249.29,,25,965,0,25.23,
16.04.26 11:36:16,14.08,229.6,236.88,197.02,222.38,214.09,215.97,179.92,213.71,226.93,222,184.97,209.23,217.47,227.31,225.41,143.6,231.13,236.11,241.13,195.18,248.12,249.29,252.42,248.51,,25,965,0,25.23,
16.04.26 11:36:31,14.33,228.84,236.11,197.02,223.13,213.71,216.72,178.48,213.71,226.17,222,186.06,207.74,216.34,225.41,224.27,140.85,229.98,235.34,240.74,193.35,248.12,248.9,253.2,249.68,,25,965,0,25.26,
16.04.26 11:36:46,14.58,229.22,236.11,197.02,223.51,213.71,217.09,175.96,210.35,226.17,222.38,186.79,207.37,217.85,225.03,223.89,140.16,230.75,235.73,241.13,192.62,248.12,249.68,253.2,249.68,,25,965,0,25.26,
16.04.26 11:37:01,14.83,228.84,235.73,196.65,222.76,212.22,216.72,173.82,209.98,226.17,221.24,186.79,207.37,217.85,223.89,222.76,138.44,230.36,235.73,240.74,194.08,247.34,249.68,253.2,249.68,,25,965,0,25.23,
16.04.26 11:37:17,15.1,228.45,235.34,196.65,221.62,212.97,216.34,172.74,209.23,225.79,220.86,187.51,206.62,217.85,222,221.62,136.73,230.36,235.34,240.74,194.45,248.12,248.51,253.2,249.68,,25,965,0,25.24,
16.04.26 11:37:32,15.35,228.07,234.58,195.91,220.49,211.47,215.97,171.32,207.37,224.27,221.24,187.51,205.51,217.09,222,219.35,137.07,230.36,235.34,239.97,193.35,246.95,249.68,252.03,249.29,,25,965,0,25.23,
16.04.26 11:37:47,15.6,228.07,234.19,195.55,220.49,211.1,216.34,170.6,204.77,222.76,220.11,187.88,204.77,216.34,220.11,217.09,136.39,230.36,235.34,239.58,192.98,248.51,250.07,252.42,248.12,,25,965,0,25.23,
16.04.26 11:38:02,15.85,228.07,234.58,195.18,220.11,210.72,215.59,168.82,203.29,222,220.49,187.15,206.62,217.47,220.49,215.97,135.7,230.36,234.96,239.97,191.16,248.12,249.68,251.64,248.12,,25,965,0,25.24,
16.04.26 11:38:17,16.1,228.07,234.19,194.81,220.49,212.22,216.34,168.11,201.44,221.24,219.35,186.42,207,217.09,219.35,215.97,135.7,230.36,234.96,239.58,186.79,248.12,248.51,252.42,248.51,,25,965,0,25.24,
16.04.26 11:38:32,16.35,228.07,233.81,194.45,219.73,211.1,214.84,167.05,198.86,220.49,217.47,186.79,208.11,214.84,218.6,215.59,136.39,230.36,233.42,239.58,183.16,247.73,248.9,252.03,247.73,,25,965,0,25.23,
16.04.26 11:38:47,16.6,226.93,233.81,193.35,218.6,211.84,214.09,166.34,196.65,218.22,216.72,185.34,208.48,215.21,217.47,214.09,135.02,230.36,232.66,240.35,179.56,248.9,249.29,250.85,248.12,,25,965,0,25.26,
16.04.26 11:39:02,16.85,227.69,233.81,192.62,219.35,211.47,212.97,164.57,194.08,217.47,215.97,186.06,208.86,215.97,215.97,214.09,133.65,230.75,232.66,239.97,178.48,248.12,249.29,251.24,247.73,,25,965,0,25.23,
16.04.26 11:39:17,17.1,227.31,233.04,191.52,217.47,212.22,212.22,164.21,192.62,216.34,215.21,185.7,208.48,215.21,215.97,213.34,131.95,229.22,231.51,239.58,176.32,248.51,249.29,251.64,246.95,,25,965,0,25.23,
16.04.26 11:39:32,17.35,226.93,231.89,190.43,216.72,212.97,213.34,163.15,191.89,216.34,214.09,184.97,208.11,214.46,214.84,212.59,129.57,228.84,232.28,239.58,175.96,248.12,249.29,252.42,248.12,,25,965,0,25.24,
16.04.26 11:39:48,17.62,226.17,232.28,188.97,214.84,212.59,211.84,162.45,190.79,214.84,214.84,183.53,208.11,213.71,213.71,211.1,128.89,227.31,231.13,239.58,172.39,247.73,248.9,251.64,247.34,,25,965,0,25.26,
16.04.26 11:40:03,17.87,226.55,232.28,187.88,216.34,213.71,212.22,163.15,191.52,214.84,214.84,183.16,208.11,214.46,214.09,211.47,128.21,227.69,230.75,239.58,167.76,248.12,249.29,252.03,248.51,,25,965,0,25.23,
16.04.26 11:40:18,18.12,226.17,231.51,185.7,215.59,212.22,211.47,162.8,190.79,214.09,213.71,182.44,208.48,213.71,213.71,212.59,126.52,228.07,229.6,238.81,164.21,247.73,248.51,252.42,248.12,,25,965,0,25.26,
16.04.26 11:40:33,18.37,226.55,230.75,185.34,214.84,212.59,211.47,162.09,189.7,214.46,213.71,181.72,208.48,212.97,212.22,211.84,123.82,226.93,228.07,238.42,163.15,248.12,248.9,252.42,248.9,,25,965,0,25.26,
16.04.26 11:40:48,18.62,227.31,232.28,184.97,215.59,212.59,209.98,162.09,190.06,214.46,214.84,180.64,209.6,211.84,211.84,211.84,124.83,226.93,226.17,238.42,163.15,247.34,249.68,252.42,248.51,,25,965,0,25.23,
16.04.26 11:41:03,18.87,229.22,231.13,183.89,216.34,212.22,209.23,160.69,190.06,214.09,214.84,180.28,210.72,212.59,209.98,211.84,123.82,228.45,221.62,238.81,163.15,248.51,249.68,251.64,248.51,,25,965,0,25.24,
16.04.26 11:41:18,19.12,229.22,231.13,182.8,215.21,211.47,207.74,160.33,190.43,215.21,214.46,179.2,211.1,212.59,209.6,211.1,123.15,229.22,219.35,239.2,162.45,248.12,250.46,252.81,248.9,,25,965,0,25.23,
16.04.26 11:41:33,19.37,228.84,230.75,181.36,214.84,211.1,205.88,157.87,189.7,214.09,212.59,178.84,211.1,212.59,208.11,210.72,121.8,227.69,216.34,238.81,163.51,248.12,248.9,252.81,248.12,,25,965,0,25.23,
16.04.26 11:41:48,19.62,229.6,230.36,180.64,214.09,211.1,204.77,159.28,190.79,214.09,212.22,178.12,212.59,212.22,207.74,209.6,121.13,227.69,216.72,238.04,165.63,247.73,250.46,253.2,249.68,,25,965,0,25.24,
16.04.26 11:42:03,19.87,228.45,229.6,179.2,213.71,210.35,202.18,158.57,190.06,213.71,209.98,177.04,212.22,211.1,207,207.37,120.12,224.27,215.59,237.65,166.69,247.34,249.68,252.81,250.07,,25,965,0,25.23,
16.04.26 11:42:18,20.12,229.22,229.98,177.76,214.46,210.72,199.96,157.17,190.06,213.71,207.74,176.68,213.71,211.47,206.62,205.88,120.79,222.38,216.34,238.04,168.11,247.34,249.29,252.42,249.29,,25,965,0,25.24,
16.04.26 11:42:33,20.37,228.45,228.84,177.04,214.09,209.6,198.12,154.72,190.06,213.71,205.51,175.96,213.34,210.72,206.25,205.51,117.1,219.73,216.34,237.27,166.69,247.73,248.51,251.64,248.9,,25,965,0,25.26,
16.04.26 11:42:48,20.62,229.22,228.84,175.96,214.09,210.72,198.12,152.28,191.16,214.84,204.4,174.89,213.34,210.72,206.62,205.88,116.77,220.86,217.85,237.65,165.28,247.34,249.68,253.2,250.07,,25,965,0,25.26,
16.04.26 11:43:04,20.88,228.45,228.45,175.25,212.97,210.35,197.02,151.23,190.43,214.84,204.03,172.74,212.59,210.72,206.25,206.25,117.1,218.6,218.22,237.27,164.57,247.73,248.12,252.42,249.68,,25,965,0,25.24,
16.04.26 11:43:19,21.13,228.84,228.84,173.82,212.97,209.6,197.75,149.49,190.79,214.84,203.66,170.6,212.97,210.35,205.88,206.62,118.11,218.98,217.85,236.88,163.15,248.51,250.07,251.64,248.9,,25,965,0,25.26,
16.04.26 11:43:34,21.38,228.84,228.84,172.03,212.97,209.6,198.12,148.1,190.43,214.84,203.29,168.47,211.84,210.35,205.88,206.25,120.12,218.98,217.85,237.27,160.69,248.12,249.68,252.42,249.29,,25,965,0,25.24,
16.04.26 11:43:49,21.63,228.07,228.84,170.6,212.22,209.6,199.22,147.41,190.06,215.59,201.81,167.76,212.97,210.35,205.51,206.25,120.12,218.98,217.85,237.27,157.87,248.12,249.68,252.42,249.29,,25,965,0,25.23,
16.04.26 11:44:04,21.88,227.69,227.69,168.82,211.84,209.6,199.96,145.68,188.61,215.21,199.96,165.98,211.47,208.48,205.14,206.25,119.78,218.22,218.6,237.27,153.67,248.51,249.68,252.03,248.9,,25,965,0,25.23,
16.04.26 11:44:19,22.13,228.07,227.69,166.34,211.1,208.48,201.07,144.29,191.52,214.84,198.12,164.21,211.1,208.48,204.77,206.62,119.45,217.09,218.22,237.27,149.84,248.12,248.9,251.64,248.12,,25,965,0,25.24,
16.04.26 11:44:34,22.38,227.31,227.69,164.57,210.72,208.48,200.7,144.64,193.35,214.84,198.12,163.51,210.35,207.74,203.66,207,119.45,217.85,218.98,237.27,146.72,247.73,249.29,250.85,248.9,,25,965,0,25.23,
16.04.26 11:44:49,22.63,228.07,228.07,164.57,211.1,208.86,201.44,142.57,193.35,214.46,198.49,162.8,210.72,206.62,203.29,206.25,118.78,217.85,220.11,238.04,146.72,248.12,250.07,251.64,249.29,,25,965,0,25.24,
16.04.26 11:45:04,22.88,226.93,226.55,161.74,210.35,209.23,201.07,141.88,190.43,213.71,199.22,161.39,209.98,207,202.55,207,115.1,217.85,220.49,237.27,145.33,248.12,249.29,251.24,248.9,,25,965,0,25.26,
16.04.26 11:45:19,23.13,226.93,226.93,161.74,209.98,208.86,199.96,141.19,193.71,212.97,197.38,159.28,209.98,206.25,200.7,207,116.1,215.97,220.86,236.5,144.64,247.34,248.51,251.64,248.12,,25,965,0,25.26,
16.04.26 11:45:35,23.4,226.93,227.69,160.69,208.86,209.23,200.7,139.82,193.71,211.84,197.38,157.87,209.6,206.25,200.7,207,115.43,216.72,221.62,236.88,145.68,248.12,249.29,251.24,248.12,,25,965,0,25.26,
16.04.26 11:45:50,23.65,227.31,226.17,159.98,208.11,209.23,202.55,139.82,190.43,211.84,198.12,156.82,208.86,205.88,198.86,207.74,113.1,217.47,222,236.88,146.02,248.12,248.51,250.85,248.51,,25,965,0,25.26,
16.04.26 11:46:05,23.9,227.31,225.03,159.98,209.23,208.86,204.03,139.47,189.7,212.22,197.38,155.42,205.14,205.88,199.96,208.11,112.44,216.72,222,236.88,145.33,247.73,248.9,251.64,247.73,,25,965,0,25.23,
16.04.26 11:46:20,24.15,226.17,224.27,158.93,208.86,209.23,204.77,139.47,190.79,212.22,196.28,155.42,201.07,204.4,198.86,207,110.77,215.97,222,236.5,143.95,247.73,248.12,250.85,247.73,,25,965,0,25.26,
16.04.26 11:46:35,24.4,225.79,222.38,157.87,207.74,208.11,205.88,139.47,190.79,211.47,195.18,155.07,200.7,203.29,197.38,207.74,109.12,215.59,222,237.27,142.57,247.73,248.51,250.85,248.12,,25,965,0,25.26,
16.04.26 11:46:50,24.65,226.55,222,158.93,207.74,207.74,205.88,140.16,190.06,211.47,194.81,155.07,200.33,203.29,197.38,207.37,110.77,215.21,221.62,236.5,141.54,247.34,248.12,250.46,247.34,,25,965,0,25.26,
16.04.26 11:47:05,24.9,225.79,221.62,157.52,206.25,206.25,206.62,141.54,188.97,212.59,192.62,154.02,200.33,203.29,197.75,207.37,108.78,215.59,221.24,236.5,141.88,248.12,248.9,250.46,247.73,,25,965,0,25.26,
16.04.26 11:47:20,25.15,225.79,221.24,157.52,206.62,205.88,205.51,140.85,190.43,212.59,191.52,154.02,200.7,202.55,196.65,207,107.46,215.21,220.11,236.11,142.22,248.12,248.9,250.46,248.12,,25,965,0,25.24,
16.04.26 11:47:35,25.4,226.17,220.11,157.17,206.62,206.25,204.4,139.82,192.25,212.97,189.7,155.07,202.55,202.18,196.28,206.62,109.12,214.84,219.35,236.11,144.64,248.12,249.29,251.24,246.95,,25,965,0,25.24,
16.04.26 11:47:50,25.65,225.41,218.98,156.82,207.37,205.51,203.66,138.1,190.43,212.59,190.06,154.02,201.81,201.07,195.91,207,108.78,215.21,219.35,236.11,144.99,247.73,249.29,251.24,248.51,,25,965,0,25.24,
16.04.26 11:48:05,25.9,226.17,217.85,156.47,207,204.4,202.18,136.05,192.62,214.09,188.97,154.72,202.18,199.96,196.28,205.51,108.78,214.46,219.73,236.11,147.06,248.51,249.29,251.24,248.12,,25,965,0,25.23,
16.04.26 11:48:21,26.17,225.41,217.09,155.07,206.25,203.29,201.44,135.02,192.98,212.59,188.97,153.67,201.44,196.65,195.91,205.14,104.82,214.46,218.98,236.11,146.02,247.73,249.29,251.24,247.73,,25,965,0,25.23,
16.04.26 11:48:36,26.42,225.03,215.59,155.07,206.25,204.4,199.22,132.97,191.52,212.97,188.97,153.67,202.55,194.45,195.55,205.88,104.49,214.46,217.85,236.5,145.68,246.95,249.29,251.24,248.9,,25,965,0,25.23,
16.04.26 11:48:51,26.67,225.03,214.84,154.02,205.51,204.4,197.02,130.93,191.52,213.71,188.61,152.97,204.03,194.45,195.18,205.14,105.48,213.71,217.85,236.5,147.41,248.9,249.68,250.46,249.29,,25,965,0,25.24,
16.04.26 11:49:06,26.92,225.41,215.21,152.97,205.14,204.4,196.28,128.55,190.79,213.34,188.61,152.62,203.29,193.71,194.81,205.51,105.48,213.71,217.47,236.11,148.45,247.73,249.68,252.03,248.51,,25,965,0,25.26,
16.04.26 11:49:21,27.17,224.65,214.46,151.93,204.03,204.77,194.81,127.88,191.52,211.47,187.15,152.62,204.03,193.71,194.08,204.77,105.48,212.97,217.09,236.11,147.41,248.12,248.9,251.64,249.29,,25,965,0,25.23,
16.04.26 11:49:36,27.42,224.65,214.84,150.88,203.66,205.14,193.71,126.86,191.52,211.47,187.88,152.28,203.66,193.71,193.71,204.4,105.81,212.59,216.72,236.5,147.41,248.12,249.68,252.42,248.9,,25,965,0,25.23,
16.04.26 11:49:51,27.67,225.03,215.97,150.53,202.92,205.14,192.98,125.51,190.79,209.6,187.88,152.28,202.18,194.08,193.71,205.88,105.81,211.84,217.47,236.5,146.72,248.12,249.29,251.64,248.9,,25,965,0,25.23,
16.04.26 11:50:06,27.92,224.65,215.59,149.14,202.55,206.25,191.16,126.52,192.25,208.48,188.61,151.93,200.7,194.45,193.71,205.14,106.8,211.47,216.72,236.5,146.37,248.51,250.46,252.03,249.29,,25,965,0,25.23,
16.04.26 11:50:21,28.17,223.51,215.97,147.06,200.7,205.51,190.79,124.83,192.25,206.62,187.15,151.23,198.49,193.35,193.35,205.14,108.78,211.1,215.59,236.5,142.57,248.9,249.68,251.64,249.29,,25,965,0,25.26,
16.04.26 11:50:36,28.42,223.13,215.97,145.68,200.7,207.74,188.61,125.17,191.52,205.14,188.24,150.88,198.86,193.71,192.98,204.77,106.8,209.98,215.59,235.73,140.85,248.9,249.68,252.42,248.9,,25,965,0,25.24,
16.04.26 11:50:51,28.67,222.38,215.97,143.26,199.96,207.37,187.15,125.17,191.89,204.03,188.61,149.49,199.59,194.08,192.25,204.03,104.49,207.74,215.59,236.5,139.47,248.51,250.07,252.03,249.68,,25,965,0,25.26,
16.04.26 11:51:07,28.93,222,215.59,140.5,199.59,207,185.7,122.14,191.89,202.92,187.51,148.45,197.75,193.35,191.52,203.29,103.83,205.14,215.97,236.5,140.5,248.9,249.29,251.64,249.29,,25,965,0,25.26,
16.04.26 11:51:22,29.18,222.38,215.97,139.47,199.22,208.11,185.7,120.46,192.98,202.55,187.88,148.8,197.75,193.35,191.52,203.66,103.5,202.18,216.72,236.5,141.19,248.12,249.29,252.03,250.07,,25,965,0,25.26,
16.04.26 11:51:37,29.43,222.38,216.34,137.41,198.86,208.11,186.06,119.45,192.98,202.55,188.61,148.1,197.02,193.35,191.52,203.66,102.52,199.22,216.34,236.11,140.85,248.51,250.07,252.42,249.68,,25,965,0,25.26,
16.04.26 11:51:52,29.68,221.24,216.34,135.7,198.12,207.74,185.34,117.44,192.98,202.55,188.24,148.1,195.18,193.35,191.16,202.92,102.84,197.02,216.72,235.73,140.16,248.12,250.07,252.42,249.68,,25,965,0,25.26,
16.04.26 11:52:07,29.93,220.86,217.47,134,198.12,207.74,184.97,115.43,192.62,201.81,189.33,147.76,194.81,192.98,191.52,202.92,102.84,195.91,217.85,236.5,137.76,248.51,250.07,251.24,250.07,,25,965,0,25.26,
16.04.26 11:52:22,30.18,220.86,217.09,133.65,198.49,206.25,184.25,115.1,192.98,201.81,188.61,147.06,193.35,193.35,191.16,202.55,102.84,194.81,217.47,236.5,138.1,247.73,250.46,250.85,250.07,,25,965,0,25.26,
16.04.26 11:52:37,30.43,220.49,217.85,132.63,198.86,205.51,184.97,113.1,193.35,201.07,187.88,147.06,194.08,193.35,190.43,202.55,102.52,193.71,218.6,235.73,137.76,248.12,249.29,251.64,249.29,,25,965,0,25.23,
16.04.26 11:52:52,30.68,221.24,217.85,131.61,198.86,205.51,186.06,112.77,192.62,200.7,188.61,147.06,193.71,192.62,190.79,202.92,103.17,193.35,219.35,236.11,138.79,249.29,249.29,251.24,250.07,,25,965,0,25.23,
16.04.26 11:53:07,30.93,220.86,217.47,130.93,198.86,204.03,186.42,111.11,192.25,199.22,188.61,144.99,192.98,191.89,189.33,202.92,103.83,193.35,218.6,235.34,138.44,248.12,249.29,250.85,248.12,,25,965,0,25.24,
16.04.26 11:53:22,31.18,221.62,216.72,130.59,197.75,203.66,187.15,109.45,192.25,199.96,187.88,144.29,193.71,191.89,189.33,202.55,104.82,193.71,218.6,234.96,137.76,248.51,249.29,250.85,248.9,,25,965,0,25.24,
16.04.26 11:53:37,31.43,220.49,216.34,128.89,197.38,203.66,189.7,108.78,191.52,200.7,186.06,142.57,193.35,191.89,190.06,201.44,105.48,193.35,218.6,235.34,136.73,248.51,249.29,250.07,248.12,,25,965,0,25.26,
16.04.26 11:53:52,31.68,221.24,216.72,128.89,196.28,202.92,189.7,109.78,191.16,201.07,187.88,140.85,194.08,191.52,190.06,200.7,106.14,192.98,218.6,235.34,136.73,248.51,248.51,250.85,248.51,,25,965,0,25.24,
16.04.26 11:54:07,31.93,221.62,216.72,127.88,194.08,202.18,189.33,109.12,190.43,201.44,187.51,141.19,194.08,190.79,188.97,201.07,106.47,192.62,219.35,234.96,136.05,248.51,249.29,250.07,248.51,,25,965,0,25.24,
16.04.26 11:54:22,32.18,220.49,216.72,126.86,192.98,202.18,190.43,108.12,190.06,201.81,188.61,140.16,194.08,191.16,189.33,201.44,106.47,192.98,219.73,235.73,137.07,248.12,250.07,251.24,248.51,,25,965,0,25.24,
16.04.26 11:54:37,32.43,221.62,217.09,126.18,192.98,200.7,189.33,107.46,189.7,202.18,187.88,140.16,194.08,190.43,188.61,200.33,106.47,194.45,220.11,235.73,136.39,248.9,250.46,250.85,247.73,,25,965,0,25.26,
16.04.26 11:54:53,32.7,221.62,217.09,125.51,193.71,200.7,189.33,106.14,190.79,200.7,186.06,138.44,193.35,190.43,188.61,199.96,106.14,193.35,220.11,234.96,132.29,248.9,249.68,250.46,248.12,,25,965,0,25.26,
16.04.26 11:55:08,32.95,222.38,217.09,124.16,192.62,200.33,189.33,105.81,190.43,200.33,185.7,135.36,192.98,189.7,188.61,199.59,106.14,193.35,220.49,235.34,131.95,248.12,249.68,251.24,248.51,,25,965,0,25.26,
16.04.26 11:55:23,33.2,222.76,218.6,123.15,192.25,199.59,188.97,104.82,190.79,198.49,185.7,133.65,192.25,189.33,187.15,198.86,106.47,192.62,220.49,234.19,131.95,248.9,249.29,250.46,248.51,,25,965,0,25.23,
16.04.26 11:55:38,33.45,222.76,218.6,122.14,192.62,199.59,188.24,103.5,191.16,197.38,186.79,131.95,191.16,189.7,187.51,198.49,106.14,190.43,220.11,235.73,130.93,249.29,250.46,250.85,248.51,,25,965,0,25.26,
16.04.26 11:55:53,33.7,223.13,218.22,121.8,191.89,199.59,186.79,100.87,191.16,195.91,185.34,130.59,188.97,189.33,186.42,196.65,104.82,187.51,220.11,234.96,133.31,248.12,249.68,250.85,248.51,,25,965,0,25.23,
16.04.26 11:56:08,33.95,223.51,217.47,119.45,191.89,199.59,186.06,99.23,190.06,194.81,183.89,129.23,187.15,189.33,186.06,197.02,105.81,186.06,220.11,234.58,134,248.51,250.07,250.85,248.9,,25,965,0,25.26,
16.04.26 11:56:23,34.2,222.76,217.09,117.44,192.25,199.22,183.53,98.25,190.06,194.08,184.25,127.88,185.34,188.97,185.7,195.18,106.8,185.34,220.49,234.58,134.34,248.9,249.68,250.85,248.9,,25,965,0,25.26,
16.04.26 11:56:38,34.45,222.76,215.97,114.77,191.89,199.22,183.16,100.55,189.33,194.08,184.25,125.51,185.7,188.61,184.97,194.08,106.8,184.25,219.73,234.58,132.97,249.29,250.07,250.85,248.9,,25,965,0,25.24,
16.04.26 11:56:53,34.7,223.51,215.97,111.77,192.62,199.22,182.44,99.56,188.97,194.81,184.25,124.49,184.97,188.97,184.25,192.98,105.48,183.89,220.49,234.58,129.57,249.29,250.07,252.03,249.68,,25,965,0,25.26,
16.04.26 11:57:08,34.95,223.51,215.97,107.79,191.52,199.96,182.8,98.91,188.24,194.08,182.8,122.14,184.61,187.88,182.44,192.62,101.86,182.8,219.35,233.04,127.2,248.51,250.46,251.64,249.29,,25,965,0,25.24,
16.04.26 11:57:23,35.2,223.51,216.34,105.81,191.89,198.86,182.44,97.27,187.88,194.45,182.44,121.46,183.89,187.15,182.08,191.16,105.15,182.44,219.35,232.66,127.2,247.34,250.46,251.64,249.29,,25,965,0,25.26,
16.04.26 11:57:38,35.45,223.89,215.97,106.14,191.89,199.96,182.8,97.93,186.79,194.08,182.8,119.78,184.61,187.51,179.92,190.43,104.49,182.08,218.98,232.28,128.21,248.9,250.46,252.03,249.29,,25,965,0,25.26,
16.04.26 11:57:53,35.7,224.27,214.46,105.15,191.89,199.96,183.89,97.27,187.15,194.45,183.53,120.12,184.25,188.24,180.28,188.97,104.49,182.08,217.47,231.89,126.52,248.51,250.85,252.03,249.68,,25,965,0,25.26,
16.04.26 11:58:08,35.95,223.89,213.71,103.83,191.16,199.96,183.89,97.6,184.97,194.45,182.8,118.44,184.61,187.15,178.84,187.88,105.48,181.72,214.84,231.13,125.85,248.9,249.29,251.64,249.68,,25,965,0,25.26,
16.04.26 11:58:24,36.22,223.51,212.59,104.16,191.16,199.59,184.61,97.27,184.25,194.08,182.44,117.44,184.97,187.88,178.48,186.79,104.16,181.72,212.22,231.13,122.14,248.9,249.68,251.64,249.68,,25,965,0,25.26,
16.04.26 11:58:39,36.47,223.13,211.84,102.84,190.43,199.22,184.97,95.31,183.53,194.08,180.64,117.44,184.97,187.51,178.48,185.7,104.82,179.92,210.72,231.13,121.13,248.9,250.07,251.24,249.29,,25,965,0,25.26,
16.04.26 11:58:54,36.72,222.38,212.22,102.52,190.43,199.96,186.42,93.04,183.53,194.81,179.92,117.77,184.61,187.88,177.4,184.97,104.16,180.28,209.98,231.51,122.47,248.51,250.07,251.64,249.68,,25,965,0,25.26,
16.04.26 11:59:09,36.97,222.38,212.59,101.86,189.7,199.59,186.79,91.41,182.08,194.45,179.56,117.77,184.61,188.24,177.76,185.34,104.49,179.92,209.6,231.51,124.49,248.12,249.68,251.64,248.9,,25,965,0,25.26,
16.04.26 11:59:24,37.22,222,212.22,101.86,188.97,199.59,186.06,89.47,180.28,193.71,179.92,116.44,185.34,187.51,177.04,184.25,103.83,178.84,209.23,231.51,125.51,248.12,249.68,251.24,249.29,,25,965,0,25.26,
16.04.26 11:59:39,37.47,221.24,211.47,100.87,189.7,200.33,185.34,87.21,180.64,194.45,179.2,116.44,185.34,186.79,176.68,184.61,103.83,178.84,209.6,230.75,123.15,248.51,250.07,250.46,249.68,,25,965,0,25.24,
16.04.26 11:59:54,37.72,220.49,210.35,99.56,190.06,199.22,185.7,85.92,178.84,194.81,179.56,115.77,184.25,187.15,177.04,184.25,104.49,178.12,210.35,231.13,121.8,247.73,249.68,251.24,248.9,,25,965,0,25.26,
16.04.26 12:00:09,37.97,220.86,210.72,99.56,190.79,199.59,186.06,85.59,178.84,195.55,178.84,114.1,183.89,185.7,177.4,184.25,105.15,176.68,210.72,231.51,124.49,249.29,249.68,251.64,248.9,,25,965,0,25.26,
16.04.26 12:00:24,38.22,221.24,209.6,98.58,189.7,198.86,187.15,84.31,178.84,195.55,178.12,112.44,182.44,184.25,177.4,183.89,106.14,175.25,211.1,230.75,125.85,248.51,249.68,250.85,249.29,,25,965,0,25.26,
16.04.26 12:00:39,38.47,220.49,208.86,97.27,189.33,198.86,186.06,83.34,178.12,195.55,178.84,111.11,181.36,183.16,177.4,184.25,106.14,173.1,211.1,231.89,121.13,248.12,249.68,250.07,249.29,,25,965,0,25.26,
16.04.26 12:00:54,38.72,220.11,208.48,96.29,190.06,198.12,186.06,83.66,177.76,195.91,178.12,108.78,180.28,182.44,176.32,183.53,105.15,172.39,211.84,230.75,124.16,247.73,249.68,251.24,248.51,,25,965,0,25.26,
16.04.26 12:01:09,38.97,219.73,208.11,94.99,189.33,197.75,185.7,83.66,176.32,196.65,178.48,106.14,180.28,181.72,176.68,183.16,102.52,172.03,212.97,230.75,124.49,248.51,248.9,251.24,248.51,,25,965,0,25.26,
16.04.26 12:01:24,39.22,219.73,208.11,96.29,189.7,197.38,185.7,83.34,177.04,197.38,178.48,105.81,179.92,180.28,177.04,183.53,98.91,172.03,212.22,230.36,124.83,248.9,249.68,250.85,248.9,,25,965,0,25.26,
16.04.26 12:01:40,39.48,219.35,207.74,97.6,189.33,195.91,185.34,81.42,177.04,196.28,175.61,104.49,179.2,180.28,176.32,182.08,97.6,171.67,211.1,231.13,120.79,248.9,250.07,250.85,248.51,,25,965,0,25.26,
16.04.26 12:01:55,39.73,218.98,207.37,97.6,188.61,195.91,184.25,79.81,176.68,195.55,175.96,103.83,178.48,178.48,176.32,181.72,95.97,170.25,209.6,230.75,120.79,248.9,250.07,250.46,247.73,,25,965,0,25.26,
16.04.26 12:02:10,39.98,218.6,207.37,95.97,186.42,194.81,182.08,79.18,177.4,195.18,175.61,104.49,177.4,177.4,174.89,180.64,95.31,171.32,209.23,230.75,123.15,248.9,249.29,250.07,248.9,,25,965,0,25.26,
16.04.26 12:02:25,40.23,218.22,205.88,93.69,186.42,193.35,181.72,80.78,177.04,195.91,175.61,104.49,177.76,176.68,175.25,179.92,97.27,170.6,209.23,229.98,123.82,248.9,250.07,250.85,248.51,,25,965,0,25.26,
16.04.26 12:02:40,40.48,217.85,205.88,86.88,185.34,193.71,180.64,80.78,177.04,195.55,175.25,103.5,176.68,175.25,174.17,178.48,97.93,170.25,208.86,230.75,120.46,248.9,250.07,250.85,248.12,,25,965,0,25.24,
16.04.26 12:02:55,40.73,217.09,204.4,85.27,184.61,192.62,180.28,80.14,176.68,194.45,175.96,102.84,176.68,173.82,173.1,177.76,98.91,169.53,208.48,229.98,121.8,248.9,249.68,250.46,248.12,,25,965,0,25.26,
16.04.26 12:03:10,40.98,217.47,202.92,83.98,183.53,192.98,180.64,80.14,177.04,194.45,174.89,100.55,177.04,172.74,172.03,176.68,98.91,169.89,208.48,229.22,122.81,248.51,249.68,250.46,248.51,,25,965,0,25.26,
16.04.26 12:03:25,41.23,217.47,201.44,83.34,183.16,192.62,179.92,79.18,176.68,193.35,174.17,99.89,176.68,172.74,171.32,175.25,97.27,169.53,208.48,229.98,119.78,247.73,249.29,250.07,248.9,,25,965,0,25.26,
16.04.26 12:03:40,41.48,218.22,200.7,84.95,182.44,191.89,181,79.18,175.96,192.98,173.82,99.56,177.04,171.67,170.96,175.25,96.62,169.53,208.86,229.22,121.8,248.51,250.46,250.07,249.29,,25,965,0,25.24,
16.04.26 12:03:55,41.73,218.98,199.59,85.92,182.44,193.71,180.64,80.46,175.96,192.25,175.25,96.95,177.76,171.32,169.53,173.82,95.31,171.67,209.23,229.6,123.15,248.51,249.29,250.46,248.9,,25,965,0,25.26,
16.04.26 12:04:10,41.98,218.98,198.12,86.24,183.16,192.25,180.28,82.38,172.03,191.52,174.17,94.66,177.76,171.32,169.18,172.03,94.01,170.96,208.11,228.84,119.45,248.9,249.68,250.85,249.29,,25,965,0,25.26,
16.04.26 12:04:25,42.23,219.35,197.38,86.56,182.44,193.35,179.2,83.34,172.03,191.52,172.39,93.04,178.12,169.53,168.82,172.39,93.36,168.82,206.25,228.84,121.8,248.12,249.29,251.24,248.9,,25,965,0,25.26,
16.04.26 12:04:40,42.48,220.11,198.49,86.56,183.53,194.81,179.2,83.66,170.25,190.43,172.39,93.04,177.4,168.82,168.82,172.03,93.69,169.18,203.66,228.84,122.81,248.12,249.68,250.85,249.29,,25,965,0,25.26,
16.04.26 12:04:55,42.73,220.11,197.38,86.56,183.89,194.08,178.84,82.7,169.89,190.79,173.1,91.74,178.12,167.4,168.47,172.03,93.36,168.82,203.29,228.84,120.12,248.12,250.07,250.85,249.29,,25,965,0,25.26,
16.04.26 12:05:10,42.98,221.24,198.12,85.27,184.97,194.08,178.48,83.34,169.89,190.79,172.03,90.76,179.2,166.69,168.82,172.03,93.36,168.11,203.29,228.45,123.48,249.29,250.85,250.85,249.29,,25,965,0,25.24,
16.04.26 12:05:25,43.23,220.86,197.75,83.34,184.97,194.81,177.04,83.02,168.82,191.16,170.6,88.82,178.84,165.63,168.11,172.03,93.36,168.11,203.29,227.31,122.81,248.9,249.29,251.24,249.29,,25,965,0,25.26,
16.04.26 12:05:41,43.5,220.11,197.75,82.38,184.61,194.08,175.96,80.78,168.11,190.43,170.96,87.85,179.2,164.57,167.4,172.39,93.69,167.05,204.03,227.69,121.8,248.51,250.07,251.24,248.9,,25,965,0,25.26,
16.04.26 12:05:56,43.75,220.49,198.49,80.46,185.34,193.71,176.32,78.54,168.47,189.33,169.53,86.56,179.56,162.8,168.11,172.74,94.01,166.69,203.66,227.69,124.49,249.29,249.68,251.24,249.29,,25,965,0,25.26,
16.04.26 12:06:11,44,220.49,198.49,78.86,183.89,193.71,175.96,77.26,168.11,189.33,169.53,86.56,179.2,162.09,168.11,172.74,94.34,166.34,204.77,226.93,120.12,248.9,250.85,251.64,250.07,,25,965,0,25.26,
16.04.26 12:06:26,44.25,219.73,198.49,77.9,181.72,192.98,175.61,77.26,169.53,189.7,169.53,86.24,179.56,162.45,167.4,172.03,94.01,165.28,204.4,227.31,122.81,248.9,251.24,251.64,250.07,,25,965,0,25.27,
16.04.26 12:06:41,44.5,219.35,198.12,77.58,179.2,192.62,174.17,77.58,168.82,188.24,169.18,84.31,179.2,161.74,166.69,170.96,94.34,165.28,205.14,225.79,122.14,248.9,250.07,250.85,250.07,,25,965,0,25.27,
16.04.26 12:06:56,44.75,218.22,199.22,77.9,176.32,192.25,173.82,76.62,167.05,187.15,168.82,80.78,177.76,161.74,167.4,169.53,93.04,164.21,204.77,226.17,121.46,249.29,249.29,250.85,250.46,,25,965,0,25.27,
16.04.26 12:07:11,45,217.85,200.7,77.58,176.32,192.98,173.82,75.67,170.96,186.06,168.11,80.46,177.76,160.33,166.69,169.89,93.04,162.45,206.25,225.41,124.16,248.51,250.07,251.64,249.68,,25,965,0,25.26,
16.04.26 12:07:26,45.25,217.47,199.59,77.26,174.89,191.89,173.46,74.08,171.32,184.61,168.11,79.81,177.76,161.04,167.05,169.89,91.09,161.74,206.25,225.41,120.46,247.34,250.07,251.24,249.68,,25,965,0,25.26,
16.04.26 12:07:41,45.5,218.6,200.33,76.3,176.68,192.62,173.82,72.81,171.32,184.25,168.47,78.86,177.76,161.39,167.05,169.53,90.12,160.69,206.25,224.65,122.81,249.29,249.29,251.24,250.07,,25,965,0,25.27,
16.04.26 12:07:56,45.75,218.22,199.96,70.59,176.32,192.25,174.53,72.17,171.67,184.61,167.05,78.54,178.12,160.69,165.98,169.18,90.12,158.93,206.25,224.65,122.81,249.29,248.9,250.46,250.07,,25,965,0,25.26,
16.04.26 12:08:11,46,217.85,198.49,69.01,176.68,192.25,174.17,71.85,171.67,184.97,165.63,77.58,177.76,160.33,165.98,168.11,91.09,158.57,205.51,224.65,119.78,248.12,250.07,250.46,249.68,,25,965,0,25.26,
16.04.26 12:08:26,46.25,217.09,198.49,68.06,175.61,192.62,174.53,72.49,168.47,184.97,164.57,77.26,176.68,158.93,164.92,166.34,91.41,158.22,205.14,224.27,121.8,248.51,250.07,249.68,249.29,,25,965,0,25.27,
16.04.26 12:08:42,46.52,217.09,198.49,67.43,173.1,192.25,174.17,74.08,170.6,184.97,163.86,75.98,177.76,155.07,164.21,165.28,91.74,156.82,203.66,223.89,120.12,248.12,250.07,250.07,249.29,,25,965,0,25.29,
16.04.26 12:08:57,46.77,217.47,198.86,67.74,174.89,191.52,174.17,75.35,166.69,185.7,164.21,75.98,177.76,154.37,163.86,164.57,92.06,158.22,201.81,224.65,121.46,248.51,250.07,250.07,248.9,,25,965,0,25.27,
16.04.26 12:09:12,47.02,217.85,197.75,69.01,174.17,191.16,174.17,74.71,165.98,185.34,164.92,75.35,178.12,154.02,163.86,163.51,92.71,158.57,200.7,225.03,121.13,249.29,250.46,249.68,249.29,,25,965,0,25.27,
16.04.26 12:09:27,47.27,217.09,197.38,68.06,174.17,191.16,173.82,75.03,165.28,184.97,163.86,75.03,178.84,154.37,163.86,162.45,92.39,157.17,199.22,223.51,118.78,248.51,250.46,250.85,249.29,,25,965,0,25.27,
16.04.26 12:09:42,47.52,217.09,195.91,68.38,174.17,189.7,172.39,75.03,163.51,184.97,163.51,76.62,178.48,155.42,162.8,162.09,92.06,155.77,197.02,224.27,121.46,248.9,249.68,250.46,248.9,,25,965,0,25.26,
16.04.26 12:09:57,47.77,217.09,194.45,67.43,173.1,188.24,172.03,73.76,162.45,184.97,163.15,76.3,177.76,154.72,162.8,161.74,92.71,154.37,194.81,223.13,118.11,248.12,250.07,249.68,249.29,,25,965,0,25.27,
16.04.26 12:10:12,48.02,216.34,192.98,67.43,171.67,188.24,172.39,69.64,161.74,184.25,163.51,75.67,179.2,156.12,162.09,161.04,92.71,154.37,192.98,223.51,121.8,249.29,249.68,250.46,248.9,,25,965,0,25.27,
16.04.26 12:10:27,48.27,216.34,191.89,68.06,171.67,187.51,173.82,69.32,162.45,183.53,162.45,75.35,177.4,155.42,162.8,160.33,92.71,154.72,189.7,222.38,118.78,248.9,250.07,250.46,249.29,,25,965,0,25.26,
16.04.26 12:10:42,48.52,216.34,190.79,67.11,170.6,186.06,174.53,68.69,163.15,182.08,163.51,72.49,177.4,155.77,162.09,159.98,92.71,154.72,185.34,222,122.47,248.9,249.29,250.07,250.07,,25,965,0,25.27,
16.04.26 12:10:57,48.77,215.97,188.97,66.8,169.89,186.42,173.82,69.64,163.86,181.72,163.15,70.27,177.76,156.12,162.45,158.93,91.09,154.72,184.97,221.24,119.11,249.29,250.07,250.46,249.29,,25,965,0,25.27,
16.04.26 12:11:13,49.03,215.97,187.51,66.48,169.89,185.34,173.1,68.38,164.57,181,163.51,69.64,177.4,156.12,161.74,158.22,91.09,155.42,185.34,220.49,122.47,248.12,249.29,250.07,249.29,,25,965,0,25.26,
16.04.26 12:11:28,49.28,215.59,187.88,63.65,167.76,184.97,172.74,68.38,165.28,180.28,162.8,68.69,175.96,156.12,161.74,156.82,89.79,155.42,186.06,218.98,120.12,248.12,249.68,250.46,249.29,,25,965,0,25.27,
16.04.26 12:11:43,49.53,214.84,187.51,63.03,168.47,184.97,171.67,67.74,165.63,179.92,162.09,66.48,174.53,156.12,161.39,156.12,90.44,155.07,187.51,217.85,122.14,249.29,250.07,249.68,249.29,,25,965,0,25.26,
16.04.26 12:11:58,49.78,214.09,186.42,62.09,168.47,184.97,170.6,67.11,164.92,179.2,162.45,66.8,172.39,157.17,161.39,154.02,90.76,155.07,188.97,217.85,122.47,248.12,250.07,250.46,250.07,,25,965,0,25.26,
16.04.26 12:12:13,50.03,214.46,186.79,62.09,168.82,184.61,170.25,66.8,165.98,179.2,162.45,65.54,169.53,157.17,160.33,152.28,91.41,153.67,189.7,216.72,118.44,249.29,250.46,250.46,249.68,,25,965,0,25.27,
16.04.26 12:12:28,50.28,213.71,187.15,61.77,167.76,184.25,166.34,67.74,167.05,180.28,162.09,64.6,166.69,156.82,160.33,151.23,91.09,154.02,190.43,216.72,117.77,248.12,249.68,250.46,249.29,,25,965,0,25.27,
16.04.26 12:12:43,50.53,213.34,186.42,61.46,165.98,183.89,167.4,67.74,166.69,180.28,161.39,63.65,164.21,156.82,159.28,149.14,91.74,154.02,191.89,215.97,120.12,248.9,250.85,250.46,250.07,,25,965,0,25.27,
16.04.26 12:12:58,50.78,213.71,186.06,61.15,164.57,183.16,166.69,69.32,165.63,180.64,161.74,63.34,162.09,156.12,158.57,148.1,91.74,153.67,192.25,215.59,121.46,248.12,250.46,250.85,249.29,,25,965,0,25.27,
16.04.26 12:13:13,51.03,214.09,186.06,61.15,164.92,183.53,167.05,68.69,167.05,180.28,161.39,62.71,161.74,155.42,158.22,147.76,92.39,152.97,193.35,215.59,117.44,248.51,250.46,250.46,250.07,,25,965,0,25.27,
16.04.26 12:13:28,51.28,213.34,186.42,60.21,164.92,182.08,166.34,68.06,166.69,181.36,160.69,62.09,162.09,155.07,157.17,148.1,92.06,153.67,194.08,214.84,116.77,248.51,250.07,250.85,250.46,,25,965,0,25.27,
16.04.26 12:13:43,51.53,212.97,187.15,59.27,163.15,182.08,167.76,65.85,165.28,181.36,161.39,63.65,161.74,154.02,155.42,148.8,92.06,152.62,194.45,214.84,117.44,248.51,250.07,250.07,249.29,,25,965,0,25.27,
16.04.26 12:13:58,51.78,212.59,187.51,58.34,162.45,181.36,167.05,64.28,163.51,182.8,159.98,63.34,162.45,153.32,154.72,149.49,92.39,153.32,194.45,214.84,116.44,248.9,250.07,250.46,249.29,,25,965,0,25.29,
16.04.26 12:14:13,52.03,212.59,186.42,57.4,162.09,181.36,164.92,61.77,164.92,183.16,159.63,61.77,162.8,150.88,153.67,150.53,93.69,152.97,194.45,214.09,116.1,248.51,250.07,250.07,250.46,,25,965,0,25.27,
16.04.26 12:14:29,52.3,212.97,186.42,56.47,162.45,180.28,164.21,61.15,166.34,182.8,159.63,60.83,163.51,148.45,153.67,151.58,93.36,152.62,195.18,214.46,116.77,248.51,250.46,250.46,250.07,,25,965,0,25.27,
16.04.26 12:14:44,52.55,212.97,185.34,56.16,162.09,179.56,163.86,61.15,162.45,182.8,157.87,58.65,162.8,146.72,152.62,151.58,93.69,152.28,195.55,214.09,116.77,248.9,249.68,250.07,250.07,,25,965,0,25.26,
16.04.26 12:14:59,52.8,212.97,184.61,55.84,162.8,179.92,164.57,60.83,160.69,182.08,157.87,59.27,163.51,146.72,152.97,152.62,94.99,151.58,195.18,213.71,116.1,248.51,249.29,250.85,250.07,,25,965,0,25.26,
16.04.26 12:15:14,53.05,212.97,184.25,55.22,162.09,179.56,164.57,60.21,161.04,182.08,157.17,58.65,164.21,146.72,152.28,152.62,90.44,151.58,196.28,213.34,117.1,248.9,249.68,250.46,249.29,,25,965,0,25.29,
16.04.26 12:15:29,53.3,212.22,183.53,54.6,162.8,179.2,163.15,61.77,160.69,181,156.82,57.71,163.15,146.72,152.28,151.23,90.12,150.19,196.28,213.34,116.1,248.12,248.9,249.68,248.9,,25,965,0,25.26,
16.04.26 12:15:44,53.55,213.34,183.89,54.6,163.86,178.48,163.15,61.77,162.45,179.92,156.47,57.4,163.51,147.76,152.62,151.93,89.47,150.19,195.91,213.34,115.1,249.29,249.29,250.46,249.29,,25,965,0,25.29,
16.04.26 12:15:59,53.8,212.22,182.08,53.67,162.8,176.68,161.04,61.15,162.45,179.2,155.77,57.09,163.15,147.76,150.88,150.88,88.82,149.14,195.55,212.22,113.77,248.12,249.29,249.29,248.51,,25,965,0,25.27,
16.04.26 12:16:14,54.05,212.59,181.36,53.67,162.45,176.32,160.33,58.65,162.45,178.48,155.42,56.78,162.8,148.45,150.19,152.28,88.82,149.49,196.28,211.1,113.43,248.12,249.29,249.68,249.29,,25,965,0,25.26,
16.04.26 12:16:29,54.3,212.59,180.28,53.36,162.45,175.25,159.28,56.47,162.09,178.48,154.72,55.53,163.86,149.14,150.53,152.28,89.47,149.49,196.28,211.84,112.44,248.51,248.51,248.9,248.9,,25,965,0,25.26,
16.04.26 12:16:44,54.55,212.59,180.28,53.36,162.45,175.61,159.28,55.84,163.51,178.12,154.37,53.05,163.86,149.49,150.19,152.28,89.15,149.84,196.65,210.72,111.77,248.12,250.85,250.46,248.51,,25,965,0,25.27,
16.04.26 12:16:59,54.8,212.59,178.12,52.74,162.45,174.89,158.22,55.84,162.8,177.4,154.02,53.05,162.8,149.49,149.14,151.93,89.47,148.8,196.65,211.1,111.77,248.51,249.29,249.68,248.51,,25,965,0,25.26,
16.04.26 12:17:14,55.05,212.97,177.4,52.12,162.8,173.82,158.22,55.84,158.57,177.4,153.67,50.88,163.51,149.84,149.14,150.88,90.12,149.14,196.28,209.98,111.44,248.51,249.68,249.29,248.12,,25,965,0,25.27,
16.04.26 12:17:29,55.3,213.34,176.68,52.12,163.51,174.17,157.52,55.22,161.39,178.12,152.62,51.5,163.86,149.84,147.76,150.88,89.47,150.53,197.38,209.98,112.1,247.73,250.07,248.9,247.73,,25,965,0,25.26,
16.04.26 12:17:45,55.57,213.34,177.04,51.81,162.8,174.17,156.47,57.09,159.98,178.12,151.93,50.88,162.8,150.19,147.76,150.19,89.79,149.14,195.91,209.6,112.77,247.34,250.07,248.51,247.73,,25,965,0,25.26,
16.04.26 12:18:00,55.82,214.09,175.96,51.19,161.39,175.61,157.17,58.34,160.69,178.84,152.28,51.19,162.8,150.19,147.06,149.49,90.76,149.84,194.45,209.6,112.1,248.12,249.29,248.9,248.12,,25,965,0,25.26,
16.04.26 12:18:15,56.07,214.09,176.68,50.88,162.45,176.32,156.47,58.96,161.04,178.84,151.93,50.88,163.15,150.53,147.06,148.8,92.06,150.53,192.25,209.6,111.77,248.9,249.29,250.46,248.9,,25,965,0,25.26,
16.04.26 12:18:30,56.32,214.09,176.32,50.88,161.04,176.68,156.47,57.71,160.33,178.84,151.58,50.57,162.8,150.53,146.72,148.1,92.06,150.19,190.43,209.23,110.77,248.12,248.9,249.29,249.68,,25,965,0,25.26,
16.04.26 12:18:45,56.57,214.46,177.76,50.57,160.33,177.04,156.12,57.4,161.04,179.2,151.23,50.27,162.45,150.88,146.72,147.06,91.74,150.53,187.88,208.11,110.44,248.9,249.68,249.68,248.51,,25,965,0,25.26,
16.04.26 12:19:00,56.82,214.46,179.56,49.96,161.04,177.04,154.02,57.71,161.04,179.56,149.84,49.96,161.04,151.93,146.37,146.72,92.06,151.23,187.51,208.48,110.11,248.9,250.07,250.46,248.51,,25,965,0,25.26,
16.04.26 12:19:15,57.07,214.46,181,49.34,162.09,176.68,154.72,57.09,161.74,179.2,148.45,49.34,159.63,151.58,145.33,147.41,92.06,149.84,187.15,207.37,110.11,248.51,249.68,249.68,249.29,,25,965,0,25.26,
16.04.26 12:19:30,57.32,215.59,182.08,49.65,160.69,176.68,155.42,56.78,162.09,179.56,148.45,49.65,159.28,152.62,145.33,146.72,92.39,149.84,186.79,207,109.78,249.68,250.07,250.07,249.68,,25,965,0,25.26,
16.04.26 12:19:45,57.57,216.34,182.8,49.03,160.69,177.4,155.42,56.78,161.74,179.56,147.41,48.72,158.22,152.28,144.29,146.37,91.41,149.14,184.25,206.25,109.12,248.51,249.29,249.68,249.29,,25,965,0,25.26,
16.04.26 12:20:00,57.82,215.21,180.28,49.03,161.04,175.96,156.12,57.09,161.74,179.56,148.1,48.41,158.22,152.28,144.29,145.68,91.41,147.76,184.25,204.77,109.12,248.51,250.07,250.46,250.07,,25,965,0,25.27,
16.04.26 12:20:17,58.1,214.46,179.92,48.72,161.04,176.68,157.17,57.4,161.74,178.84,147.41,48.72,157.17,151.93,143.26,144.29,91.74,146.72,183.16,205.14,108.78,248.51,250.46,250.85,250.07,,25,965,0,25.27,
16.04.26 12:20:32,58.35,212.59,179.2,48.72,161.04,177.04,155.42,57.09,161.74,178.48,148.1,49.03,157.52,151.93,143.26,143.26,91.74,146.72,182.08,204.4,108.12,249.29,250.07,250.07,250.07,,25,965,0,25.26,
16.04.26 12:20:47,58.6,212.22,179.2,48.11,160.69,176.32,154.37,57.4,161.39,176.68,148.45,48.11,157.52,151.93,142.22,140.85,92.06,145.33,180.28,204.03,107.46,248.51,249.29,250.07,250.07,,25,965,0,25.26,
16.04.26 12:21:02,58.85,212.22,178.84,47.49,160.69,176.32,154.37,58.65,161.04,177.04,147.76,46.88,157.17,150.88,142.91,139.82,92.06,145.33,179.2,204.03,106.8,248.9,250.46,250.46,249.29,,25,965,0,25.27,
16.04.26 12:21:17,59.1,211.84,177.76,47.18,161.04,176.68,154.72,58.96,160.69,176.32,147.76,47.18,157.52,149.49,142.91,138.1,92.71,144.99,179.92,204.4,105.48,249.29,249.29,249.29,250.07,,25,965,0,25.26,
16.04.26 12:21:32,59.35,212.22,178.48,47.18,159.98,175.96,154.02,58.96,160.69,175.61,146.72,46.57,157.87,147.06,142.22,137.76,92.06,144.29,179.92,204.03,106.47,250.07,250.07,249.29,249.68,,25,965,0,25.26,
16.04.26 12:21:47,59.6,212.22,178.12,46.88,160.69,175.25,153.67,58.34,160.69,173.82,146.02,45.95,157.87,147.41,142.57,137.41,93.04,144.29,180.28,204.4,107.46,248.9,249.68,249.68,248.51,,25,965,0,25.26,
16.04.26 12:22:02,59.85,211.84,178.48,46.88,160.69,174.17,152.62,58.34,161.74,172.74,146.02,44.42,157.87,146.02,142.57,137.76,92.06,144.29,180.28,204.03,106.14,248.9,249.68,249.29,248.51,,25,965,0,25.27,
16.04.26 12:22:18,60.12,212.97,178.84,47.18,160.33,173.1,151.58,58.65,160.69,170.6,145.68,44.11,158.22,145.68,141.88,137.76,92.71,143.95,181.36,204.77,105.48,249.29,249.68,249.68,249.68,,25,965,0,25.26,
16.04.26 12:22:33,60.37,212.22,177.76,46.57,161.04,172.39,149.84,58.65,157.52,169.53,143.26,43.5,157.17,144.99,141.19,135.7,92.39,143.6,180.28,204.03,104.16,248.51,249.29,248.9,248.9,,25,965,0,25.26,
16.04.26 12:22:48,60.62,212.22,178.48,46.57,159.98,172.74,148.45,57.4,158.93,169.89,143.26,42.89,158.22,143.95,141.19,136.39,91.74,144.29,180.64,204.4,103.83,248.51,248.9,249.29,248.51,,25,965,0,25.27,
16.04.26 12:23:03,60.87,212.22,179.2,46.57,159.98,170.25,148.1,55.53,159.28,169.18,142.91,42.89,157.52,144.29,140.85,136.73,92.06,143.6,181,204.77,102.84,248.9,249.29,249.68,249.68,,25,965,0,25.26,
16.04.26 12:23:18,61.12,212.22,178.84,46.26,157.87,170.25,146.02,53.67,158.22,168.82,141.88,41.05,156.82,144.29,139.82,135.02,90.44,142.91,180.28,204.03,101.86,248.12,249.29,248.51,247.34,,25,965,0,25.27,
16.04.26 12:23:33,61.37,211.47,179.2,46.26,158.57,169.53,145.68,53.98,159.98,168.47,142.57,40.13,157.17,145.68,140.5,134.34,89.79,143.6,180.28,204.4,103.5,248.9,249.29,248.51,248.9,,25,965,0,25.26,
16.04.26 12:23:48,61.62,211.1,178.48,45.65,157.17,168.11,143.95,54.29,159.28,167.4,141.88,41.97,156.47,144.99,139.13,135.02,89.15,142.22,179.92,204.4,101.2,248.51,248.9,248.51,247.73,,25,965,0,25.26,
16.04.26 12:24:03,61.87,212.22,179.92,45.65,157.52,168.82,144.64,54.29,159.98,167.76,140.85,41.97,156.82,147.06,138.44,134.68,89.79,141.88,179.92,204.03,100.87,248.51,248.9,248.9,247.73,,25,965,0,25.26,
16.04.26 12:24:18,62.12,213.34,180.28,45.34,156.82,168.47,144.29,54.29,155.77,166.69,141.19,41.36,155.77,146.37,137.41,134.68,88.5,140.5,179.2,203.66,100.87,248.9,249.68,248.51,248.12,,25,965,0,25.26,
16.04.26 12:24:33,62.37,212.59,179.92,45.03,157.17,168.47,143.95,54.29,156.47,167.05,141.54,40.13,155.77,144.99,137.76,135.02,87.85,140.16,178.48,203.66,100.87,248.9,249.29,248.51,248.12,,25,965,0,25.26,
16.04.26 12:24:48,62.62,212.22,179.2,44.72,157.52,168.11,141.54,53.67,155.07,167.05,140.85,40.13,156.12,145.33,137.76,134.68,87.21,140.16,177.76,204.03,100.87,247.73,248.9,248.9,248.12,,25,965,0,25.26,
16.04.26 12:25:03,62.87,211.47,178.48,44.42,156.47,168.82,139.82,53.67,155.42,167.76,141.54,41.05,156.12,145.68,138.1,134,86.88,139.47,178.48,203.66,101.86,248.9,249.68,248.9,248.51,,25,965,0,25.26,
16.04.26 12:25:18,63.12,212.59,178.12,44.11,155.07,168.82,138.1,52.74,154.72,167.76,141.54,39.83,155.77,145.68,137.76,134.68,86.24,139.13,179.2,203.29,101.86,248.51,249.29,248.12,248.12,,25,965,0,25.26,
16.04.26 12:25:34,63.38,212.59,177.4,44.11,154.02,168.47,140.16,51.19,153.32,168.47,139.47,39.83,155.42,143.95,137.76,134.68,85.27,137.76,179.56,202.18,103.83,249.29,248.9,249.29,248.51,,25,965,0,25.26,
16.04.26 12:25:49,63.63,211.84,177.76,43.8,154.02,168.82,141.19,51.81,152.62,167.76,138.1,38.61,155.77,142.57,136.73,135.02,85.27,137.07,180.28,203.29,103.5,248.9,250.46,248.51,249.29,,25,965,0,25.27,
16.04.26 12:26:04,63.88,211.84,176.32,43.8,153.67,169.18,141.54,52.12,152.62,168.11,138.1,38.31,155.07,140.85,136.73,135.36,85.27,137.07,181,202.92,103.5,249.29,249.29,249.68,249.68,,25,965,0,25.27,
16.04.26 12:26:19,64.13,211.47,174.17,43.5,153.67,169.18,140.85,51.81,151.93,168.11,137.07,37.7,153.67,137.76,135.7,135.02,83.98,137.07,181,203.29,105.81,249.29,249.68,248.12,248.51,,25,965,0,25.26,
16.04.26 12:26:34,64.38,211.84,172.03,43.5,153.67,169.53,139.47,49.96,152.62,167.4,136.73,38,152.97,134.68,135.7,136.73,85.27,139.47,180.64,202.18,104.16,248.51,249.68,249.29,248.9,,25,965,0,25.26,
16.04.26 12:26:49,64.63,212.59,169.89,43.5,153.32,168.82,139.47,50.27,152.97,167.05,136.73,37.7,151.58,133.31,134.68,137.07,83.66,140.16,181.36,201.81,103.17,249.29,250.46,249.68,249.29,,25,965,0,25.26,
16.04.26 12:27:04,64.88,211.84,168.11,43.19,152.28,168.11,138.1,51.19,149.84,167.05,136.05,38.61,149.14,131.61,133.31,135.7,81.42,139.13,180.28,201.07,102.19,248.9,249.29,249.29,249.29,,25,965,0,25.27,
16.04.26 12:27:19,65.13,211.84,168.47,42.58,153.67,168.11,137.76,50.88,153.32,166.34,136.05,38.31,145.68,130.25,132.29,136.39,80.78,138.79,179.92,201.81,101.2,248.9,249.29,249.29,249.29,,25,965,0,25.26,
16.04.26 12:27:34,65.38,212.59,167.76,41.97,152.97,168.82,139.13,50.27,151.58,166.34,135.02,36.18,145.33,128.89,132.29,136.05,79.18,138.1,178.84,201.07,100.22,249.29,250.07,249.68,249.29,,25,965,0,25.27,
16.04.26 12:27:49,65.63,210.72,167.76,41.97,152.62,168.11,139.82,49.03,148.8,164.57,135.36,36.48,145.33,128.89,131.95,135.7,78.86,136.39,176.68,201.07,100.22,248.51,249.29,248.9,248.9,,25,965,0,25.26,
16.04.26 12:28:04,65.88,210.72,168.47,41.97,151.93,168.82,141.19,49.03,150.19,164.92,134.68,36.48,145.33,129.57,130.93,136.05,77.58,132.63,176.68,200.7,98.91,249.68,250.46,249.29,249.29,,25,965,0,25.27,
16.04.26 12:28:20,66.15,209.6,167.4,41.97,152.28,167.4,141.19,48.72,149.49,163.86,132.97,35.87,146.02,128.89,130.25,135.7,76.94,128.21,176.32,199.59,97.93,249.29,249.29,248.9,248.9,,25,965,0,25.26,
16.04.26 12:28:35,66.4,209.6,167.4,41.66,151.58,166.69,142.22,48.41,148.8,164.21,132.29,35.27,145.68,128.89,130.59,135.02,76.3,125.17,177.4,200.33,96.62,248.9,250.07,249.29,249.29,,25,965,0,25.27,
16.04.26 12:28:50,66.65,208.86,166.69,41.05,150.88,167.05,141.88,47.8,149.84,164.21,132.63,35.27,146.02,127.88,129.91,134.68,75.98,124.49,177.76,199.22,95.64,248.51,250.07,250.07,248.9,,25,965,0,25.27,
16.04.26 12:29:05,66.9,207.74,163.86,40.44,148.8,167.05,140.85,49.03,147.41,163.15,131.61,34.96,144.99,127.88,131.61,134.68,75.03,124.83,177.04,199.96,94.66,247.73,249.29,248.9,249.29,,25,965,0,25.27,
16.04.26 12:29:20,67.15,206.62,162.45,40.44,148.1,167.76,139.47,48.11,145.33,162.8,131.61,35.57,143.6,127.2,130.59,134.34,75.03,125.51,177.04,199.22,93.69,248.9,250.07,249.68,249.29,,25,965,0,25.29,
16.04.26 12:29:35,67.4,205.51,162.09,40.13,147.06,168.47,138.44,48.72,144.99,162.8,130.59,34.96,142.22,127.2,131.61,134.34,74.71,125.51,177.04,198.49,91.74,248.51,250.07,248.9,249.68,,25,965,0,25.29,
16.04.26 12:29:50,67.65,204.77,162.45,39.52,146.72,168.11,138.1,49.34,145.68,162.45,130.93,35.27,142.91,126.86,131.61,133.31,73.44,125.17,176.68,198.49,90.76,248.51,248.9,249.68,248.51,,25,965,0,25.29,
16.04.26 12:30:05,67.9,204.03,163.86,39.52,146.37,168.47,137.76,47.49,144.64,163.51,130.93,34.96,142.91,127.2,132.29,133.31,73.44,123.82,176.68,197.75,88.82,249.68,250.07,250.07,249.29,,25,965,0,25.27,
