no,area µm²,perimeter µm,area_mm²,perim_mm,Volume mm³,morph,file name,,if error to check for bad imaging,
1,796397.102,4396.176,0.7964,4.3962,0.2602,HF,01-04-2025-1611_Stemi 305_0.8x_HF-02,,0.2602,
2,904861.253,4699.701,0.9049,4.6997,0.3139,HF,01-04-2025-1611_Stemi 305_0.8x_HF,,0.3139,
3,936285.753,4460.07,0.9363,4.4601,0.3642,HF,01-04-2025-1610_Stemi 305_0.8x_HF-06,,0.3642,
4,873280.219,4644.553,0.8733,4.6446,0.2952,HF,01-04-2025-1610_Stemi 305_0.8x_HF-05,,0.2952,
5,864765.394,4752.896,0.8648,4.7529,0.2803,HF,01-04-2025-1610_Stemi 305_0.8x_HF-04,,0.2803,
6,889746.935,4837.641,0.8897,4.8376,0.2912,HF,01-04-2025-1610_Stemi 305_0.8x_HF-03,,0.2912,
7,914554.874,4889.311,0.9146,4.8893,0.3047,HF,01-04-2025-1610_Stemi 305_0.8x_HF-02,,0.3047,
8,1005281.791,5167.778,1.0053,5.1678,0.3474,HF,01-04-2025-1610_Stemi 305_0.8x_HF,,0.3474,
9,1033216.636,4694.988,1.0332,4.6950,0.4209,HF,01-04-2025-1607_Stemi 305_0.8x_HF-07,,0.4209,
10,787764.411,4093.885,0.7878,4.0939,0.2808,HF,01-04-2025-1607_Stemi 305_0.8x_HF-07,,0.2808,
11,847364.089,4240.805,0.8474,4.2408,0.3138,HF,01-04-2025-1607_Stemi 305_0.8x_HF-06,,0.3138,
12,786271.752,4296.052,0.7863,4.2961,0.2611,HF,01-04-2025-1607_Stemi 305_0.8x_HF-05,,0.2611,
13,889618.156,4061.398,0.8896,4.0614,0.3742,HF,01-04-2025-1607_Stemi 305_0.8x_HF-05,,0.3742,
14,1063405.401,5368.963,1.0634,5.3690,0.3730,HF,01-04-2025-1607_Stemi 305_0.8x_HF-05,,0.3730,
15,862982.704,4478.135,0.8630,4.4781,0.3024,HF,01-04-2025-1611_Stemi 305_0.8x_HF-02,,0.3024,
16,946530.186,4697.128,0.9465,4.6971,0.3466,HF,01-04-2025-1611_Stemi 305_0.8x_HF,,0.3466,
17,946058.12,4441.962,0.9461,4.4420,0.3749,HF,01-04-2025-1610_Stemi 305_0.8x_HF-06,,0.3749,
18,800118.522,3409.795,0.8001,3.4098,0.4011,HF,01-04-2025-1607_Stemi 305_0.8x_HF-07,,0.4011,
19,1102581.169,5132.866,1.1026,5.1329,0.4284,HF,01-04-2025-1607_Stemi 305_0.8x_HF-04,,0.4284,
20,1153423.57,4889.81,1.1534,4.8898,0.5070,HF,01-04-2025-1607_Stemi 305_0.8x_HF-03,,0.5070,
21,1169832.565,5139.667,1.1698,5.1397,0.4869,HF,01-04-2025-1607_Stemi 305_0.8x_HF-02,,0.4869,
22,975576.889,5037.503,0.9756,5.0375,0.3368,HF,01-04-2025-1607_Stemi 305_0.8x_HF-02,,0.3368,
23,1069562.539,4578.488,1.0696,4.5785,0.4723,HF,01-04-2025-1607_Stemi 305_0.8x_HF-02,,0.4723,
24,1211779.191,4937.826,1.2118,4.9378,0.5583,HF,01-04-2025-1607_Stemi 305_0.8x_HF,,0.5583,
25,778255.085,4379.808,0.7783,4.3798,0.2487,HF,01-04-2025-1607_Stemi 305_0.8x_HF,,0.2487,
26,740624.419,3720.492,0.7406,3.7205,0.2825,HF,01-04-2025-1605_Stemi 305_0.8x_HF-04,,0.2825,
27,784628.934,4428.066,0.7846,4.4281,0.2495,HF,01-04-2025-1605_Stemi 305_0.8x_HF-03,,0.2495,
28,797089.686,3559.503,0.7971,3.5595,0.3631,HF,01-04-2025-1605_Stemi 305_0.8x_HF-03,,0.3631,
29,1044727.44,5397.537,1.0447,5.3975,0.3567,HF,01-04-2025-1605_Stemi 305_0.8x_HF-02,,0.3567,
30,1013539.863,4792.918,1.0135,4.7929,0.3916,HF,01-04-2025-1605_Stemi 305_0.8x_HF,,0.3916,
31,1077567.182,5251.541,1.0776,5.2515,0.3951,HF,01-04-2025-1604_Stemi 305_0.8x_HF-04,,0.3951,
32,983202.088,4589.832,0.9832,4.5898,0.3895,HF,01-04-2025-1604_Stemi 305_0.8x_HF-03,,0.3895,
33,829114.767,4234.341,0.8291,4.2343,0.2996,HF,01-04-2025-1604_Stemi 305_0.8x_HF-02,,0.2996,
34,731294.141,3858.188,0.7313,3.8582,0.2595,HF,01-04-2025-1604_Stemi 305_0.8x_HF,,0.2595,
35,1078678.29,4997,1.0787,4.9970,0.4237,HF,01-04-2025-1604_Stemi 305_0.8x_HF,,0.4237,
36,1203231.437,5829.029,1.2032,5.8290,0.4373,HF,01-04-2025-1602_Stemi 305_0.8x_HF-03,,0.4373,
37,1122942.02,5109.634,1.1229,5.1096,0.4487,HF,01-04-2025-1602_Stemi 305_0.8x_HF-03,,0.4487,
38,812965.493,4236.328,0.8130,4.2363,0.2866,HF,01-04-2025-1602_Stemi 305_0.8x_HF-02,,0.2866,
39,989848.918,4107.211,0.9898,4.1072,0.4714,HF,01-04-2025-1602_Stemi 305_0.8x_HF-02,,0.4714,
40,1150923.839,7530.262,1.1509,7.5303,0.2933,HF,01-04-2025-1602_Stemi 305_0.8x_HF,,0.2933,
41,938151.65,4763.686,0.9382,4.7637,0.3334,HF,01-04-2025-1601_Stemi 305_0.8x_HF-03,,0.3334,
42,1126655.871,5424.112,1.1267,5.4241,0.4169,HF,01-04-2025-1601_Stemi 305_0.8x_HF-03,,0.4169,
43,1000146.941,5212.206,1.0001,5.2122,0.3398,HF,01-04-2025-1601_Stemi 305_0.8x_HF-03,,0.3398,
44,1147657.341,5883.745,1.1477,5.8837,0.3906,HF,01-04-2025-1601_Stemi 305_0.8x_HF-02,good for photo,0.3906,
45,704350.988,3828.38,0.7044,3.8284,0.2413,HF,01-04-2025-1601_Stemi 305_0.8x_HF,,0.2413,
46,877169.211,4419.678,0.8772,4.4197,0.3193,HF,01-04-2025-1600_Stemi 305_0.8x_HF-03,,0.3193,
47,887669.851,4210.944,0.8877,4.2109,0.3519,HF,01-04-2025-1600_Stemi 305_0.8x_HF-02,,0.3519,
48,1253619.882,5654.976,1.2536,5.6550,0.4969,HF,01-04-2025-1600_Stemi 305_0.8x_HF-02,good for photo,0.4969,
49,989290.748,4478.929,0.9893,4.4789,0.4094,HF,01-04-2025-1600_Stemi 305_0.8x_HF,,0.4094,
50,1169545.801,5165.212,1.1695,5.1652,0.4833,HF,01-04-2025-1600_Stemi 305_0.8x_HF,,0.4833,
51,820693.689,4192.853,0.8207,4.1929,0.2971,HF,01-04-2025-1559_Stemi 305_0.8x_HF-02,,0.2971,
52,955626.623,4124.253,0.9556,4.1243,0.4308,HF,01-04-2025-1559_Stemi 305_0.8x_HF,,0.4308,
53,1027588.315,4542.511,1.0276,4.5425,0.4366,HF,01-04-2025-1559_Stemi 305_0.8x_HF,,0.4366,
54,1151679.242,5357.355,1.1517,5.3574,0.4444,HF,01-04-2025-1558_Stemi 305_0.8x_HF,,0.4444,
55,812740.935,4340.614,0.8127,4.3406,0.2768,HF,01-04-2025-1558_Stemi 305_0.8x_HF,,0.2768,
56,1138766.054,5052.899,1.1388,5.0529,0.4700,HF,01-04-2025-1557_Stemi 305_0.8x_HF,,0.4700,
57,972939.529,4534.643,0.9729,4.5346,0.3872,HF,01-04-2025-1557_Stemi 305_0.8x_HF,,0.3872,
58,815956.498,4475.571,0.8160,4.4756,0.2677,HF,01-04-2025-1556_Stemi 305_0.8x_HF-02,,0.2677,
59,852984.782,4453.655,0.8530,4.4537,0.2970,HF,01-04-2025-1556_Stemi 305_0.8x_HF-02,,0.2970,
60,869246.343,4552.469,0.8692,4.5525,0.3003,HF,01-04-2025-1556_Stemi 305_0.8x_HF,,0.3003,
61,1298612.64,5987.564,1.2986,5.9876,0.4975,HF,01-04-2025-1553_Stemi 305_0.8x_HF,good for photo,0.4975,
62,1041762.805,4692.858,1.0418,4.6929,0.4290,HF,01-04-2025-1553_Stemi 305_0.8x_HF,,0.4290,
63,1188859.484,5632.579,1.1889,5.6326,0.4455,HF,01-04-2025-1552_Stemi 305_0.8x_HF-02,good for photo,0.4455,
64,918968.191,4690.092,0.9190,4.6901,0.3256,HF,01-04-2025-1552_Stemi 305_0.8x_HF,,0.3256,
65,1076642.622,4848.443,1.0766,4.8484,0.4403,HF,01-04-2025-1552_Stemi 305_0.8x_HF,,0.4403,
66,703149.257,3360.435,0.7031,3.3604,0.2979,HF,01-04-2025-1552_Stemi 305_0.8x_HF,,0.2979,
67,1043634.876,4267.007,1.0436,4.2670,0.5001,HF,01-04-2025-1552_Stemi 305_0.8x_HF,good for photo,0.5001,
68,1160553.896,5370.331,1.1606,5.3703,0.4504,HF,01-04-2025-1550_Stemi 305_0.8x_HF-02,good for photo,0.4504,
69,1279048.412,5590.394,1.2790,5.5904,0.5271,HF,01-04-2025-1550_Stemi 305_0.8x_HF-02,,0.5271,
70,1249123.538,5698.458,1.2491,5.6985,0.4881,HF,01-04-2025-1550_Stemi 305_0.8x_HF,,0.4881,
71,981102.293,4833.646,0.9811,4.8336,0.3604,HF,01-04-2025-1548_Stemi 305_0.8x_HF-02,,0.3604,
72,1065877.17,5044.084,1.0659,5.0441,0.4074,HF,01-04-2025-1548_Stemi 305_0.8x_HF-02,,0.4074,
73,815341.071,4693.187,0.8153,4.6932,0.2510,HF,01-04-2025-1548_Stemi 305_0.8x_HF-02,good for photo,0.2510,
74,977535.631,4160.835,0.9775,4.1608,0.4476,HF,01-04-2025-1548_Stemi 305_0.8x_HF-02,,0.4476,
75,1025302.363,5064.886,1.0253,5.0649,0.3723,HF,01-04-2025-1548_Stemi 305_0.8x_HF,,0.3723,
76,1119543.072,5112.196,1.1195,5.1122,0.4454,HF,01-04-2025-1548_Stemi 305_0.8x_HF,,0.4454,
77,993180.181,5198.732,0.9932,5.1987,0.3359,HF,01-04-2025-1548_Stemi 305_0.8x_HF,,0.3359,
78,980298.389,4656.504,0.9803,4.6565,0.3790,HF,01-04-2025-1547_Stemi 305_0.8x_HF-02,,0.3790,
79,1033266.989,4870.596,1.0333,4.8706,0.3995,HF,01-04-2025-1547_Stemi 305_0.8x_HF,,0.3995,
80,1192562.572,4518.981,1.1926,4.5190,0.6207,HF,01-04-2025-1547_Stemi 305_0.8x_HF,good for photo,0.6207,
81,1015450.042,5040.171,1.0155,5.0402,0.3670,HF,01-04-2025-1547_Stemi 305_0.8x_HF,,0.3670,
82,961747.712,4742.971,0.9617,4.7430,0.3541,HF,01-04-2025-1547_Stemi 305_0.8x_HF,,0.3541,
83,894338.996,4411.321,0.8943,4.4113,0.3342,HF,01-04-2025-1547_Stemi 305_0.8x_HF,,0.3342,
84,850401.846,4475.485,0.8504,4.4755,0.2930,HF,01-04-2025-1547_Stemi 305_0.8x_HF,,0.2930,
85,1065072.288,4721.774,1.0651,4.7218,0.4467,HF,01-04-2025-1545_Stemi 305_0.8x_HF-03,good for photo,0.4467,
86,916124.47,4749.077,0.9161,4.7491,0.3179,HF,01-04-2025-1545_Stemi 305_0.8x_HF-03,,0.3179,
87,1001269.624,5022.53,1.0013,5.0225,0.3577,HF,01-04-2025-1545_Stemi 305_0.8x_HF-03,,0.3577,
88,885692.79,3998.599,0.8857,3.9986,0.3799,HF,01-04-2025-1545_Stemi 305_0.8x_HF-03,,0.3799,
89,898064.824,3991.277,0.8981,3.9913,0.3936,HF,01-04-2025-1545_Stemi 305_0.8x_HF-03,,0.3936,
90,856525.918,4342.951,0.8565,4.3430,0.3105,HF,01-04-2025-1545_Stemi 305_0.8x_HF-03,,0.3105,
91,1189634.06,5501.118,1.1896,5.5011,0.4602,HF,01-04-2025-1545_Stemi 305_0.8x_HF-02,,0.4602,
92,866543.205,3918.139,0.8665,3.9181,0.3735,HF,01-04-2025-1545_Stemi 305_0.8x_HF,,0.3735,
93,1038959.155,5050.536,1.0390,5.0505,0.3847,HF,01-04-2025-1545_Stemi 305_0.8x_HF,,0.3847,
94,1113758.146,5092.967,1.1138,5.0930,0.4427,HF,01-04-2025-1544_Stemi 305_0.8x_HF,good for photo,0.4427,
95,918310.72,4631.009,0.9183,4.6310,0.3308,NF,01-04-2025-1801_Stemi 305_0.8x_NF,,0.3308,
96,702959.548,3835.03,0.7030,3.8350,0.2396,NF,01-04-2025-1800_Stemi 305_0.8x_NF-04,,0.2396,
97,871064.64,4189.893,0.8711,4.1899,0.3398,NF,01-04-2025-1800_Stemi 305_0.8x_NF-04,,0.3398,
98,775586.085,3957.218,0.7756,3.9572,0.2851,NF,01-04-2025-1800_Stemi 305_0.8x_NF-03,good for photo,0.2851,
99,909815.011,4227.613,0.9098,4.2276,0.3699,NF,01-04-2025-1800_Stemi 305_0.8x_NF-02,good for photo,0.3699,
100,1156441.307,4795.644,1.1564,4.7956,0.5251,NF,01-04-2025-1800_Stemi 305_0.8x_NF,,0.5251,
101,937068.809,4414.195,0.9371,4.4142,0.3704,NF,01-04-2025-1800_Stemi 305_0.8x_NF,,0.3704,
102,777588.81,4193.79,0.7776,4.1938,0.2636,NF,01-04-2025-1759_Stemi 305_0.8x_NF-04,,0.2636,
103,936296.497,4428.098,0.9363,4.4281,0.3680,NF,01-04-2025-1759_Stemi 305_0.8x_NF-03,good for photo,0.3680,
104,848434.383,3848.301,0.8484,3.8483,0.3664,NF,01-04-2025-1759_Stemi 305_0.8x_NF-02,,0.3664,
105,791605.717,3911.816,0.7916,3.9118,0.3039,NF,01-04-2025-1759_Stemi 305_0.8x_NF,,0.3039,
106,780409.37,3946.442,0.7804,3.9464,0.2903,NF,01-04-2025-1759_Stemi 305_0.8x_NF,,0.2903,
107,824803.189,4480.309,0.8248,4.4803,0.2737,NF,01-04-2025-1757_Stemi 305_0.8x_NF-02,,0.2737,
108,934169.845,4445.087,0.9342,4.4451,0.3641,NF,01-04-2025-1757_Stemi 305_0.8x_NF,,0.3641,
109,666304.566,3570.924,0.6663,3.5709,0.2366,NF,01-04-2025-1756_Stemi 305_0.8x_NF-06,good for photo,0.2366,
110,1048339.342,5002.858,1.0483,5.0029,0.3974,NF,01-04-2025-1756_Stemi 305_0.8x_NF-05,,0.3974,
111,731458.041,3860.606,0.7315,3.8606,0.2593,NF,01-04-2025-1756_Stemi 305_0.8x_NF-04,good for photo,0.2593,
112,947598.65,4911.262,0.9476,4.9113,0.3270,NF,01-04-2025-1756_Stemi 305_0.8x_NF-03,good for photo,0.3270,
113,862786.704,4529.124,0.8628,4.5291,0.2975,NF,01-04-2025-1756_Stemi 305_0.8x_NF-03,good for photo,0.2975,
114,973989.364,5062.044,0.9740,5.0620,0.3334,NF,01-04-2025-1756_Stemi 305_0.8x_NF-02,good for photo,0.3334,
115,887334.909,4689.084,0.8873,4.6891,0.3017,NF,01-04-2025-1756_Stemi 305_0.8x_NF,,0.3017,
116,747354.839,3959.488,0.7474,3.9595,0.2621,NF,01-04-2025-1755_Stemi 305_0.8x_NF-02,,0.2621,
117,1076783.963,5093.882,1.0768,5.0939,0.4110,NF,01-04-2025-1755_Stemi 305_0.8x_NF,,0.4110,
118,777081.759,4031.101,0.7771,4.0311,0.2786,NF,01-04-2025-1748_Stemi 305_0.8x_NF-02,good for photo,0.2786,
119,788809.648,4018.437,0.7888,4.0184,0.2894,NF,01-04-2025-1748_Stemi 305_0.8x_NF,good for photo,0.2894,
120,869722.42,4110.752,0.8697,4.1108,0.3486,NF,01-04-2025-1748_Stemi 305_0.8x_NF,,0.3486,
121,995134.62,4495.002,0.9951,4.4950,0.4126,NF,01-04-2025-1744_Stemi 305_0.8x_NF-05,,0.4126,
122,1023322.912,4590.527,1.0233,4.5905,0.4258,NF,01-04-2025-1744_Stemi 305_0.8x_NF-05,,0.4258,
123,959364.846,5246.835,0.9594,5.2468,0.3081,NF,01-04-2025-1744_Stemi 305_0.8x_NF-04,good for photo,0.3081,
124,864143.365,4659.35,0.8641,4.6594,0.2873,NF,01-04-2025-1744_Stemi 305_0.8x_NF-03,good for photo,0.2873,
125,690330.762,4140.218,0.6903,4.1402,0.2068,NF,01-04-2025-1744_Stemi 305_0.8x_NF-03,,0.2068,
126,878649.365,4487.363,0.8786,4.4874,0.3137,NF,01-04-2025-1744_Stemi 305_0.8x_NF-03,,0.3137,
127,960758.126,4268.195,0.9608,4.2682,0.4126,NF,01-04-2025-1744_Stemi 305_0.8x_NF-02,,0.4126,
128,875938.23,4136.757,0.8759,4.1368,0.3509,NF,01-04-2025-1744_Stemi 305_0.8x_NF,,0.3509,
129,952434.318,4331.705,0.9524,4.3317,0.3953,NF,01-04-2025-1743_Stemi 305_0.8x_NF-04,,0.3953,
130,789365.563,3646.306,0.7894,3.6463,0.3392,NF,01-04-2025-1743_Stemi 305_0.8x_NF-03,,0.3392,
131,823439.607,4102.288,0.8234,4.1023,0.3091,NF,01-04-2025-1743_Stemi 305_0.8x_NF-02,good for photo,0.3091,
132,821809.279,4215.282,0.8218,4.2153,0.2957,NF,01-04-2025-1743_Stemi 305_0.8x_NF,,0.2957,
133,1060821.216,4992.766,1.0608,4.9928,0.4089,NF,01-04-2025-1740_Stemi 305_0.8x_NF-04,good for photo,0.4089,
134,1008512.507,4469.682,1.0085,4.4697,0.4289,NF,01-04-2025-1740_Stemi 305_0.8x_NF-03,,0.4289,
135,1421411.705,5770.686,1.4214,5.7707,0.6356,NF,01-04-2025-1740_Stemi 305_0.8x_NF-02,,0.6356,
136,982162.964,4546.832,0.9822,4.5468,0.3939,NF,01-04-2025-1740_Stemi 305_0.8x_NF-02,,0.3939,
137,785297.97,4061.931,0.7853,4.0619,0.2820,NF,01-04-2025-1740_Stemi 305_0.8x_NF-02,,0.2820,
138,832213.773,4427.691,0.8322,4.4277,0.2837,NF,01-04-2025-1739_Stemi 305_0.8x_NF-07,good for photo,0.2837,
139,739469.925,3777.059,0.7395,3.7771,0.2748,NF,01-04-2025-1739_Stemi 305_0.8x_NF-06,,0.2748,
140,579017.112,3269.925,0.5790,3.2699,0.1971,NF,01-04-2025-1739_Stemi 305_0.8x_NF-05,,0.1971,
141,785550.187,3324.711,0.7856,3.3247,0.4057,NF,01-04-2025-1739_Stemi 305_0.8x_NF-05,,0.4057,
142,777965.409,4014.192,0.7780,4.0142,0.2810,NF,01-04-2025-1739_Stemi 305_0.8x_NF-04,,0.2810,
143,658954.517,3794.65,0.6590,3.7947,0.2107,NF,01-04-2025-1739_Stemi 305_0.8x_NF-04,,0.2107,
144,905024.18,4488.613,0.9050,4.4886,0.3347,NF,01-04-2025-1739_Stemi 305_0.8x_NF-04,,0.3347,
145,784774.378,3310.022,0.7848,3.3100,0.4093,NF,01-04-2025-1739_Stemi 305_0.8x_NF-04,,0.4093,
146,728078.306,3661.924,0.7281,3.6619,0.2786,NF,01-04-2025-1739_Stemi 305_0.8x_NF-03,,0.2786,
147,654895.997,3727.379,0.6549,3.7274,0.2133,NF,01-04-2025-1739_Stemi 305_0.8x_NF-03,,0.2133,
148,1398037.395,5358.549,1.3980,5.3585,0.6812,NF,01-04-2025-1739_Stemi 305_0.8x_NF-02,,0.6812,
149,698764.17,3069.557,0.6988,3.0696,0.3612,NF,01-04-2025-1739_Stemi 305_0.8x_NF,,0.3612,
150,854735.912,3825.797,0.8547,3.8258,0.3766,NF,01-04-2025-1739_Stemi 305_0.8x_NF,,0.3766,
151,711543.789,4108.844,0.7115,4.1088,0.2232,NF,01-04-2025-1739_Stemi 305_0.8x_NF,,0.2232,
152,1108423.127,5082.179,1.1084,5.0822,0.4393,NF,01-04-2025-1738_Stemi 305_0.8x_NF-02,,0.4393,
153,750168.13,3228.161,0.7502,3.2282,0.3850,NF,01-04-2025-1738_Stemi 305_0.8x_NF-02,,0.3850,
154,740700.671,4461.036,0.7407,4.4610,0.2181,NF,01-04-2025-1738_Stemi 305_0.8x_NF,,0.2181,
,,,,,,,,,,
,,,,,,,,,,
,,,,,,,,,,
,,,,,,,,,,
,,,,,,,,,,
,,,,,,,,,,
,,,,,,,,,,
,,,,,,,,,,
,,,,,,,,,,
,,,,,,,,,,
,,,,,,,,,,
,,,,,,,,,,
,,,,,,,,,,
,,,,,,,,,,
,,,,,,,,,,
,,,,,,,,,,
,,,,,,,,,,
,,,,,,,,,,
,,,,,,,,,,
,,,,,,,,,,
,,,,,,,,,,
,,,,,,,,,,
,,,,,,,,,,
,,,,,,,,,,
,,,,,,,,,,
,,,,,,,,,,
,,,,,,,,,,
,,,,,,,,,,
,,,,,,,,,,
,,,,,,,,,,
,,,,,,,,,,
,,,,,,,,,,
,,,,,,,,,,
,,,,,,,,,,
,,,,,,,,,,
,,,,,,,,,,
,,,,,,,,,,
,,,,,,,,,,
,,,,,,,,,,
,,,,,,,,,,
,,,,,,,,,,
,,,,,,,,,,
,,,,,,,,,,
,,,,,,,,,,
,,,,,,,,,,
,,,,,,,,,,
,,,,,,,,,,
,,,,,,,,,,
,,,,,,,,,,
,,,,,,,,,,
,,,,,,,,,,
,,,,,,,,,,
,,,,,,,,,,
,,,,,,,,,,
,,,,,,,,,,
,,,,,,,,,,
,,,,,,,,,,
,,,,,,,,,,
,,,,,,,,,,
,,,,,,,,,,
,,,,,,,,,,
,,,,,,,,,,
,,,,,,,,,,
,,,,,,,,,,
,,,,,,,,,,
,,,,,,,,,,
,,,,,,,,,,
,,,,,,,,,,
,,,,,,,,,,
,,,,,,,,,,
,,,,,,,,,,
,,,,,,,,,,
,,,,,,,,,,
,,,,,,,,,,
,,,,,,,,,,
,,,,,,,,,,
,,,,,,,,,,
,,,,,,,,,,
,,,,,,,,,,
,,,,,,,,,,
,,,,,,,,,,
,,,,,,,,,,
,,,,,,,,,,
,,,,,,,,,,
,,,,,,,,,,
,,,,,,,,,,
,,,,,,,,,,
,,,,,,,,,,
,,,,,,,,,,
,,,,,,,,,,
,,,,,,,,,,
,,,,,,,,,,
,,,,,,,,,,
,,,,,,,,,,
,,,,,,,,,,
,,,,,,,,,,
,,,,,,,,,,
,,,,,,,,,,
,,,,,,,,,,
,,,,,,,,,,
,,,,,,,,,,
,,,,,,,,,,
,,,,,,,,,,
,,,,,,,,,,
,,,,,,,,,,
,,,,,,,,,,
,,,,,,,,,,
,,,,,,,,,,
,,,,,,,,,,
,,,,,,,,,,
,,,,,,,,,,
,,,,,,,,,,
,,,,,,,,,,
,,,,,,,,,,
,,,,,,,,,,
,,,,,,,,,,
,,,,,,,,,,
,,,,,,,,,,
,,,,,,,,,,
