Sample No,morph,no of polyps,temp,pH,light,Conc (Cells/mL),Conc (Cell/polyp),Average,Count1,Count2,Count3,Count4,Unnamed: 13,Target_Condition,Mean_Size_mm2,Size_SD
401,HF,1.0,32,8.2,10m,25000,25000,2.5,4,1,4,1,,32,2.745,1.189
402,NF,3.0,32,8.2,10m,72500,24166.66667,7.25,8,7,6,8,,32,3.255,1.262
403,NF,4.0,32,8.2,10m,187500,46875,18.75,19,18,20,18,,32,3.255,1.262
404,HF,4.0,27,8.2,10m,340000,85000,34.0,40,34,33,29,,27,3.163,1.911
405,HF,3.0,27,8.2,10m,390000,130000,39.0,30,48,40,38,,27,3.163,1.911
406,HF,3.0,27,8.2,10m,437500,145833.3333,43.75,31,51,42,51,,27,3.163,1.911
407,HF,3.0,27,8.2,10m,40000,13333.33333,4.0,3,9,1,3,,27,3.163,1.911
408,HF,3.0,27,8.2,10m,190000,63333.33333,19.0,13,23,20,20,,27,3.163,1.911
409,NF,4.0,27,8.2,10m,502500,125625,50.25,50,57,54,40,,27,3.099,1.747
410,NF,4.0,27,8.2,10m,267500,66875,26.75,30,19,30,28,,27,3.099,1.747
411,NF,3.0,27,8.2,10m,205000,68333.33333,20.5,20,18,16,28,,27,3.099,1.747
412,NF,4.0,27,8.2,10m,495000,123750,49.5,45,58,45,50,,27,3.099,1.747
413,NF,3.0,27,8.2,10m,525000,175000,52.5,56,62,38,54,,27,3.099,1.747
414,NF,3.0,23,8.2,Dark,177500,59166.66667,17.75,12,13,23,23,,Dark,2.722,1.51
415,NF,4.0,27,8.2,10m,100000,25000,10.0,4,14,13,9,,27,3.099,1.747
416,HF,4.0,23,8.2,50m,242500,60625,24.25,21,29,24,23,,50m,3.921,2.615
417,HF,4.0,23,8.2,50m,182500,45625,18.25,11,6,36,20,,50m,3.921,2.615
418,HF,4.0,23,8.2,50m,95000,23750,9.5,13,6,11,8,,50m,3.921,2.615
419,HF,3.0,23,8.2,50m,185000,61666.66667,18.5,20,21,15,18,,50m,3.921,2.615
420,NF,4.0,23,8.2,50m,185000,46250,18.5,22,15,21,16,,50m,3.865,2.181
421,NF,3.0,23,8.2,50m,112500,37500,11.25,19,7,11,8,,50m,3.865,2.181
422,NF,3.0,23,8.2,50m,85000,28333.33333,8.5,12,9,5,8,,50m,3.865,2.181
423,HF,3.0,23,8.2,Dark,80000,26666.66667,8.0,10,9,11,2,,Dark,3.795,2.181
424,HF,3.0,23,8.2,Dark,82500,27500,8.25,12,4,10,7,,Dark,3.795,2.181
425,HF,3.0,23,8.2,Dark,192500,64166.66667,19.25,20,13,22,22,,Dark,3.795,2.181
426,NF,3.0,23,8.2,Dark,45000,15000,4.5,5,6,2,5,,Dark,2.722,1.51
427,NF,3.0,23,8.2,Dark,40000,13333.33333,4.0,5,5,4,2,,Dark,2.722,1.51
428,HF,4.0,23,8.2,10m,252500,63125,25.25,20,18,35,28,,Ambient (Control),2.665,1.634
429,HF,3.0,23,8.2,10m,245000,81666.66667,24.5,24,24,19,31,,Ambient (Control),2.665,1.634
430,HF,4.0,23,8.2,10m,247500,61875,24.75,27,20,24,28,,Ambient (Control),2.665,1.634
431,HF,2.0,23,8.2,10m,75000,37500,7.5,10,7,7,6,,Ambient (Control),2.665,1.634
432,NF,2.0,23,8.2,10m,142500,71250,14.25,9,13,15,20,,Ambient (Control),2.416,1.318
433,NF,3.0,23,8.2,10m,152500,50833.33333,15.25,21,18,10,12,,Ambient (Control),2.416,1.318
434,NF,3.0,23,8.2,10m,112500,37500,11.25,12,11,13,9,,Ambient (Control),2.416,1.318
435,HF,3.0,23,7.8,10m,422500,140833.3333,42.25,46,45,51,27,,pH 7.8,2.095,0.984
436,HF,3.0,23,7.8,10m,237500,79166.66667,23.75,25,23,26,21,,pH 7.8,2.095,0.984
437,HF,3.0,23,7.8,10m,427500,142500,42.75,43,45,36,47,,pH 7.8,2.095,0.984
438,HF,2.0,23,7.8,10m,35000,17500,3.5,3,3,3,5,,pH 7.8,2.095,0.984
439,HF,3.0,23,7.8,10m,112500,37500,11.25,14,13,10,8,,pH 7.8,2.095,0.984
440,NF,3.0,23,7.8,10m,312500,104166.6667,31.25,37,25,30,33,,pH 7.8,2.374,1.014
441,NF,3.0,23,7.8,10m,305000,101666.6667,30.5,31,33,28,30,,pH 7.8,2.374,1.014
442,NF,3.0,23,7.8,10m,310000,103333.3333,31.0,34,32,31,27,,pH 7.8,2.374,1.014
443,HF,3.0,23,7.6,10m,40000,13333.33333,4.0,5,4,5,2,,pH 7.6,2.447,0.511
444,HF,3.0,23,7.6,10m,292500,97500,29.25,28,23,27,39,,pH 7.6,2.447,0.511
445,HF,4.0,23,7.6,10m,315000,78750,31.5,28,24,33,41,,pH 7.6,2.447,0.511
446,HF,4.0,23,7.6,10m,275000,68750,27.5,29,37,21,23,,pH 7.6,2.447,0.511
447,NF,3.0,23,7.6,10m,190000,63333.33333,19.0,17,20,20,19,,pH 7.6,2.86,0.86
448,NF,3.0,23,7.6,10m,420000,140000,42.0,48,45,39,36,,pH 7.6,2.86,0.86
449,HF,3.0,23,8.2,10m,45000,15000,4.5,5,7,3,3,,Ambient (Control),2.665,1.634
450,HF,4.0,23,8.2,10m,135000,33750,13.5,15,14,16,9,,Ambient (Control),2.665,1.634
451,HF,4.0,23,8.2,10m,120000,30000,12.0,13,11,8,16,,Ambient (Control),2.665,1.634
452,HF,3.0,23,8.2,10m,125000,41666.66667,12.5,14,14,11,11,,Ambient (Control),2.665,1.634
453,HF,3.0,23,8.2,10m,80000,26666.66667,8.0,5,3,17,7,,Ambient (Control),2.665,1.634
454,NF,3.0,23,8.2,10m,160000,53333.33333,16.0,15,12,17,20,,Ambient (Control),2.416,1.318
455,NF,3.0,23,8.2,10m,60000,20000,6.0,6,8,6,4,,Ambient (Control),2.416,1.318
456,NF,3.0,23,8.2,10m,72500,24166.66667,7.25,7,13,5,4,,Ambient (Control),2.416,1.318
50,NF,2.0,23,8.2,10m,37500,18750,3.75,2,5,3,5,,Ambient (Control),2.416,1.318
51,HF,3.0,23,8.2,10m,182500,60833.33333,18.25,12,22,26,13,,Ambient (Control),2.665,1.634
52,HF,3.0,23,8.2,10m,322500,107500,32.25,37,27,28,37,,Ambient (Control),2.665,1.634
53,NF,2.0,23,8.2,10m,87500,43750,8.75,10,9,3,13,,Ambient (Control),2.416,1.318
54,NF,3.0,23,8.2,10m,215000,71666.66667,21.5,26,23,17,20,,Ambient (Control),2.416,1.318
55,HF,2.0,23,8.2,10m,112500,56250,11.25,6,10,13,16,,Ambient (Control),2.665,1.634
56,NF,2.0,27,8.2,10m,175000,87500,17.5,16,18,20,16,,27,3.099,1.747
58,HF,2.0,31,8.2,10m,70000,35000,7.0,3,5,10,10,,Ambient (Control),2.665,1.634
59,NF,3.0,23,8.2,10m,137500,45833.33333,13.75,18,11,13,13,,Ambient (Control),2.416,1.318
60,PF,3.0,23,8.2,10m,122500,40833.33333,12.25,12,14,14,9,,Ambient (Control),2.495,1.909
61,PF,3.0,23,8.2,10m,127500,42500,12.75,13,12,13,13,,Ambient (Control),2.495,1.909
62,PF,1.0,23,8.2,10m,60000,60000,6.0,5,6,7,6,,Ambient (Control),2.495,1.909
63,HF,1.0,23,8.2,10m,62500,62500,6.25,7,8,5,5,,Ambient (Control),2.665,1.634
64,NF,1.0,31,8.2,10m,65000,65000,6.5,3,8,5,10,,Ambient (Control),2.416,1.318
65,HF,3.0,23,8.2,50m,80000,26666.66667,8.0,2,8,7,15,,50m,3.921,2.615
66,HF,2.0,23,8.2,50m,60000,30000,6.0,8,5,9,2,,50m,3.921,2.615
67,PF,1.0,23,8.2,50m,20000,20000,2.0,2,1,1,4,,50m,3.395,0.974
68,NF,2.0,23,8.2,50m,78000,39000,7.8,8,9,7,8,7.0,50m,3.865,2.181
69,PF,2.0,23,8.2,50m,100000,50000,10.0,8,6,12,14,,50m,3.395,0.974
70,PF,3.0,23,8.2,50m,105000,35000,10.5,13,7,12,10,,50m,3.395,0.974
71,HF,1.0,23,8.2,Dark,15000,15000,1.5,2,1,2,1,,Dark,3.795,2.181
72,HF,1.0,23,8.2,50m,17500,17500,1.75,1,3,1,2,,50m,3.921,2.615
73,NF,1.0,23,8.2,50m,45000,45000,4.5,5,3,4,6,,50m,3.865,2.181
74,PF,3.0,23,8.2,Dark,50000,16666.66667,5.0,7,3,6,4,,Dark,3.321,1.87
75,PF,1.0,23,8.2,Dark,17500,17500,1.75,1,4,1,1,,Dark,3.321,1.87
76,NF,4.0,23,8.2,Dark,112500,28125,11.25,14,12,12,7,,Dark,2.722,1.51
77,PF,2.0,23,8.2,10m,65000,32500,6.5,4,3,11,8,,Ambient (Control),2.495,1.909
78,PF,2.0,23,8.2,10m,57500,28750,5.75,5,2,9,7,,Ambient (Control),2.495,1.909
79,PF,3.0,23,8.2,10m,105000,35000,10.5,12,13,7,10,,Ambient (Control),2.495,1.909
80,NF,1.0,23,8.2,10m,15000,15000,1.5,1,1,2,2,,Ambient (Control),2.416,1.318
81,PF,3.0,23,8.2,10m,32500,10833.33333,3.25,4,5,2,2,,Ambient (Control),2.495,1.909
82,PF,3.0,23,8.2,10m,65000,21666.66667,6.5,8,4,5,9,,Ambient (Control),2.495,1.909
83,NF,2.0,32,8.2,10m,47500,23750,4.75,6,1,9,3,,32,3.255,1.262
84,NF,3.0,27,8.2,10m,70000,23333.33333,7.0,7,6,10,5,,27,3.099,1.747
85,HF,1.0,31,8.2,10m,42500,42500,4.25,4,3,4,6,,Ambient (Control),2.665,1.634
86,HF,3.0,27,8.2,10m,230000,76666.66667,23.0,23,30,18,18,26.0,27,3.163,1.911
87,HF,1.0,27,8.2,10m,96000,96000,9.6,6,8,4,8,22.0,27,3.163,1.911
88,PF,3.0,32,8.2,10m,190000,63333.33333,19.0,31,18,18,9,,32,3.162,1.517
89,HF,1.0,23,8.2,10m,32500,32500,3.25,6,5,1,1,,Ambient (Control),2.665,1.634
90,PF,3.0,23,8.2,10m,297500,99166.66667,29.75,34,27,18,40,,Ambient (Control),2.495,1.909
91,PF,2.0,23,8.2,10m,80000,40000,8.0,8,11,7,6,,Ambient (Control),2.495,1.909
92,HF,1.0,32,8.2,10m,45000,45000,4.5,7,3,3,5,,32,2.745,1.189
93,PF,3.0,32,8.2,10m,320000,106666.6667,32.0,21,18,54,35,,32,3.162,1.517
94,PF,3.0,27,8.2,10m,142500,47500,14.25,17,16,12,12,,27,1.836,
95,PF,3.0,27,8.2,10m,200000,66666.66667,20.0,25,25,12,18,20.0,27,1.836,
96,HF,,23,8.2,10m,95000,#DIV/0!,9.5,9,9,13,7,,Ambient (Control),2.665,1.634
97,PF,3.0,27,8.2,10m,155000,51666.66667,15.5,14,20,14,14,,27,1.836,
98,PF,4.0,27,8.2,10m,112500,28125,11.25,18,12,10,5,,27,1.836,
99,HF,1.0,32,8.2,10m,22500,22500,2.25,1,3,4,1,,32,2.745,1.189
100,NF,2.0,32,8.2,10m,62000,31000,6.2,8,4,7,5,7.0,32,3.255,1.262
10,PF,4.0,23,8.2,10m,106000,26500,10.6,8,13,10,10,12.0,Ambient (Control),2.495,1.909
1,HF,2.0,23,8.2,10m,154000,77000,15.4,28,12,11,18,8.0,Ambient (Control),2.665,1.634
2,HF,4.0,23,8.2,10m,248000,62000,24.8,23,34,28,22,17.0,Ambient (Control),2.665,1.634
3,HF,3.0,23,8.2,10m,108000,36000,10.8,13,8,7,16,10.0,Ambient (Control),2.665,1.634
4,PF,4.0,23,8.2,10m,138000,34500,13.8,14,10,12,14,19.0,Ambient (Control),2.495,1.909
5,PF,4.0,23,8.2,10m,178000,44500,17.8,20,23,13,16,17.0,Ambient (Control),2.495,1.909
6,PF,4.0,23,8.2,10m,186000,46500,18.6,18,29,12,11,23.0,Ambient (Control),2.495,1.909
7,PF,4.0,23,8.2,10m,82000,20500,8.2,11,7,4,7,12.0,Ambient (Control),2.495,1.909
8,PF,4.0,23,8.2,10m,188000,47000,18.8,10,16,28,22,18.0,Ambient (Control),2.495,1.909
9,PF,4.0,23,8.2,10m,94000,23500,9.4,12,7,3,12,13.0,Ambient (Control),2.495,1.909
