ID,Description,GeneRatio,BgRatio,RichFactor,FoldEnrichment,zScore,pvalue,p.adjust,qvalue,geneID,Count
GO:0005201,extracellular matrix structural constituent,15/235,39/7448,0.384615384615385,12.189852700491,12.6457187262162,2.51430440184257E-13,8.44806279019104E-11,7.27824958428113E-11,LOC111320817/LOC111336303/LOC111320871/LOC111320781/LOC111320821/LOC111332308/LOC111320822/LOC111340891/LOC111322400/LOC111320820/LOC111320842/LOC111321759/LOC111321489/LOC111320751/LOC111321680,15
GO:0004222,metalloendopeptidase activity,17/235,85/7448,0.2,6.33872340425532,8.93482653887558,8.08258583345868E-10,1.35787442002106E-07,1.16984794957955E-07,LOC111327880/LOC111323911/LOC111325264/LOC111320816/LOC111333986/LOC111324935/LOC111324993/LOC111336934/LOC111324983/LOC111328588/LOC111342546/LOC111324945/LOC111321502/LOC111335667/LOC111324943/LOC111321308/LOC111322209,17
GO:0048407,platelet-derived growth factor binding,7/235,12/7448,0.583333333333333,18.4879432624113,10.9427457835907,1.9724218826526E-08,2.20911250857092E-06,1.90321409729637E-06,LOC111320817/LOC111320871/LOC111320821/LOC111320822/LOC111322288/LOC111320842/LOC111320751,7
GO:0019838,growth factor binding,14/235,79/7448,0.177215189873418,5.61659035820092,7.44555797384114,1.32157465634797E-07,1.1101227113323E-05,9.5640271183077E-06,LOC111320817/LOC111336303/LOC111320871/LOC111320821/LOC111327252/LOC111320822/LOC111322288/LOC111335693/LOC111322400/LOC111333478/LOC111320842/LOC111345144/LOC111320751/LOC111326544,14
GO:0030545,signaling receptor regulator activity,10/235,47/7448,0.212765957446808,6.74332277048438,7.12908171675098,1.49868328643354E-06,0.000100711516848334,8.67658744777311E-05,LOC111336303/LOC111325642/LOC111329099/LOC111322288/LOC111328749/LOC111322400/LOC111327334/LOC111323636/LOC111343646/LOC111338817,10
GO:0008083,growth factor activity,7/235,21/7448,0.333333333333333,10.5645390070922,7.92197778218973,2.26920185102067E-06,0.000121679575985743,0.000104830461767166,LOC111325642/LOC111329099/LOC111322288/LOC111327334/LOC111336488/LOC111343646/LOC111338817,7
GO:0017171,serine hydrolase activity,11/235,61/7448,0.180327868852459,5.71524241367283,6.67423562789198,2.53499116636964E-06,0.000121679575985743,0.000104830461767166,LOC111327880/LOC111320952/LOC111328749/LOC111336934/LOC111338418/LOC111327334/LOC111323636/LOC111326544/LOC111333695/LOC111344752/LOC111328207,11
GO:0008236,serine-type peptidase activity,11/235,65/7448,0.169230769230769,5.36353518821604,6.37742512774046,4.85478402614438E-06,0.000180730049793068,0.000155704146908188,LOC111327880/LOC111320952/LOC111328749/LOC111336934/LOC111338418/LOC111327334/LOC111323636/LOC111326544/LOC111333695/LOC111344752/LOC111328207,11
GO:0038023,signaling receptor activity,25/235,293/7448,0.0853242320819113,2.70423353423862,5.37186066906965,4.98512681353387E-06,0.000180730049793068,0.000155704146908188,LOC111345835/LOC111328393/LOC111324192/LOC111323862/LOC111342023/LOC111343017/LOC111323945/LOC111336974/LOC111335693/LOC111333478/LOC111333901/LOC111337453/LOC111323777/LOC111345144/LOC111339275/LOC111342143/LOC111327334/LOC111321593/LOC111333893/LOC111324532/LOC111322245/LOC111337462/LOC111340596/LOC111340622/LOC111342147,25
GO:0008237,metallopeptidase activity,13/235,92/7448,0.141304347826087,4.47844588344126,6.05933475805842,5.37887052955558E-06,0.000180730049793068,0.000155704146908188,LOC111327880/LOC111323911/LOC111320816/LOC111333986/LOC111324935/LOC111324993/LOC111336934/LOC111324983/LOC111342546/LOC111324945/LOC111321502/LOC111335667/LOC111324943,13
GO:0004867,serine-type endopeptidase inhibitor activity,7/235,24/7448,0.291666666666667,9.24397163120567,7.3011247636239,6.22797314506629E-06,0.000190236270612934,0.000163894030133323,LOC111345232/LOC111330856/LOC111327252/LOC111343161/LOC111343966/LOC111326544/LOC111334472,7
GO:0048018,receptor ligand activity,8/235,34/7448,0.235294117647059,7.45732165206508,6.81133482846078,7.78153722726916E-06,0.000217883042363536,0.000187712520833247,LOC111325642/LOC111329099/LOC111322288/LOC111328749/LOC111327334/LOC111323636/LOC111343646/LOC111338817,8
GO:0004866,endopeptidase inhibitor activity,9/235,45/7448,0.2,6.33872340425532,6.48345416733354,8.73874589098654E-06,0.000225862970720883,0.000194587459111036,LOC111328748/LOC111330856/LOC111327252/LOC111328749/LOC111327625/LOC111326819/LOC111323636/LOC111326544/LOC111325220,9
GO:0004175,endopeptidase activity,16/235,155/7448,0.103225806451613,3.27159917638984,5.15835333322751,2.76803754593904E-05,0.000664329011025371,0.000572338590325742,LOC111327880/LOC111323911/LOC111320816/LOC111320952/LOC111333986/LOC111328749/LOC111336934/LOC111338418/LOC111327334/LOC111323636/LOC111326544/LOC111342546/LOC111333695/LOC111344752/LOC111328207/LOC111321502,16
GO:0004888,transmembrane signaling receptor activity,19/235,218/7448,0.0871559633027523,2.76228772203787,4.76653246758241,5.38311173598135E-05,0.00120581702885982,0.00103884612448763,LOC111324192/LOC111323862/LOC111342023/LOC111343017/LOC111323945/LOC111336974/LOC111335693/LOC111325186/LOC111333478/LOC111333901/LOC111323777/LOC111345144/LOC111339275/LOC111342143/LOC111333893/LOC111324532/LOC111322245/LOC111340622/LOC111342147,19
GO:0004252,serine-type endopeptidase activity,11/235,84/7448,0.130952380952381,4.15035460992908,5.24093576241509,5.93921779035998E-05,0.00124723573597559,0.00107452953444013,LOC111327880/LOC111320952/LOC111328749/LOC111336934/LOC111338418/LOC111327334/LOC111323636/LOC111326544/LOC111333695/LOC111344752/LOC111328207,11
GO:0005319,lipid transporter activity,8/235,49/7448,0.163265306122449,5.17446808510638,5.29150624999365,0.000128418167295253,0.00253814730654148,0.0021866870592071,LOC111337480/LOC111325671/LOC111337489/LOC111323127/LOC111342143/LOC111321178/LOC111334900/LOC111342147,8
GO:0008028,monocarboxylic acid transmembrane transporter activity,5/235,21/7448,0.238095238095238,7.54609929078014,5.42190827002901,0.000402991871330793,0.00752251493150813,0.00648086342783438,LOC111330589/LOC111342077/LOC111336930/LOC111334900/LOC111328842,5
GO:0005539,glycosaminoglycan binding,8/235,59/7448,0.135593220338983,4.2974395961053,4.58961930060412,0.000481289740324012,0.00851122909204568,0.00733266917391154,LOC111328024/LOC111342023/LOC111322288/LOC111333170/LOC111325671/LOC111327334/LOC111331622/LOC111340622,8
GO:0005518,collagen binding,6/235,34/7448,0.176470588235294,5.59299123904881,4.84479523849389,0.000592752060873792,0.00995823462267971,0.00857930614422594,LOC111327880/LOC111328393/LOC111322288/LOC111335693/LOC111331622/LOC111333695,6
GO:0008233,peptidase activity,19/235,265/7448,0.0716981132075472,2.27237254114813,3.80671999984911,0.000677096950935917,0.0108335512149747,0.00933341661691114,LOC111327880/LOC111323911/LOC111320816/LOC111320952/LOC111333986/LOC111328749/LOC111336934/LOC111338418/LOC111327334/LOC111325560/LOC111323636/LOC111326544/LOC111342546/LOC111333695/LOC111344752/LOC111328207/LOC111321502/LOC111335667/LOC111330437,19
GO:0043394,proteoglycan binding,5/235,24/7448,0.208333333333333,6.60283687943262,4.96205141368108,0.000779091961794766,0.0118988590528655,0.0102512100236153,LOC111342023/LOC111333893/LOC111333695/LOC111340596/LOC111340622,5
GO:0042813,Wnt receptor activity,4/235,17/7448,0.235294117647059,7.45732165206508,4.81082868712284,0.00166266931714305,0.0242894300243507,0.0209260440372695,LOC111323862/LOC111336974/LOC111333893/LOC111322245,4
GO:0030414,peptidase inhibitor activity,6/235,42/7448,0.142857142857143,4.52765957446809,4.13795822192118,0.00187327402627377,0.0262258363678328,0.0225943139133898,LOC111330856/LOC111327252/LOC111327625/LOC111326819/LOC111326544/LOC111325220,6
GO:0000978,RNA polymerase II cis-regulatory region sequence-specific DNA binding,17/235,254/7448,0.0669291338582677,2.12122633606969,3.28164481362117,0.0027008095441677,0.0362988802736139,0.0312725315640471,LOC111330631/LOC111328662/LOC111328602/LOC111341087/LOC111326654/LOC111338776/LOC111340883/LOC111321709/LOC111339122/LOC111335662/LOC111325851/LOC111332020/LOC111331301/LOC111333767/LOC111320928/LOC111344472/LOC111333334,17
GO:0061134,peptidase regulator activity,7/235,61/7448,0.114754098360656,3.63697244506453,3.73252823472763,0.00290965531432557,0.0365492240881446,0.0314882099756885,LOC111330856/LOC111327252/LOC111327625/LOC111326819/LOC111326544/LOC111325220/LOC111344752,7
GO:0004553,"hydrolase activity, hydrolyzing O-glycosyl compounds",6/235,46/7448,0.130434782608696,4.13395004625347,3.84824830851012,0.00301193900882828,0.0365492240881446,0.0314882099756885,LOC111324504/LOC111334156/LOC111346317/LOC111336425/LOC111337168/LOC111329016,6
GO:0005126,cytokine receptor binding,8/235,78/7448,0.102564102564103,3.2506273867976,3.60648224665747,0.00304576867401205,0.0365492240881446,0.0314882099756885,LOC111336303/LOC111325642/LOC111322288/LOC111328749/LOC111322400/LOC111323636/LOC111334113/LOC111343646,8
GO:0002020,protease binding,9/235,97/7448,0.0927835051546392,2.94064487826278,3.4723649845614,0.00339749659705157,0.0393640985037699,0.0339133054152153,LOC111320871/LOC111327252/LOC111320822/LOC111335693/LOC111327625/LOC111326819/LOC111326544/LOC111325220/LOC111340596,9
GO:0005125,cytokine activity,4/235,21/7448,0.19047619047619,6.03687943262411,4.17187351394865,0.00378668671073348,0.042410891160215,0.0365382051035687,LOC111325642/LOC111328749/LOC111323636/LOC111343646,4
GO:0015293,symporter activity,5/235,34/7448,0.147058823529412,4.66082603254068,3.86152544351045,0.00394611952055021,0.042770843835641,0.0368483147080241,LOC111336828/LOC111330251/LOC111327414/LOC111327248/LOC111341071,5
GO:0008201,heparin binding,6/235,50/7448,0.12,3.80323404255319,3.58966432755682,0.00460224808931858,0.0483236049378451,0.0416321784395595,LOC111342023/LOC111322288/LOC111333170/LOC111325671/LOC111327334/LOC111331622,6
GO:0005001,transmembrane receptor protein tyrosine phosphatase activity,3/235,12/7448,0.25,7.92340425531915,4.33218770133071,0.00552393116883561,0.0562436628099626,0.0484555365687335,LOC111342023/LOC111323777/LOC111345144,3
GO:0000981,"DNA-binding transcription factor activity, RNA polymerase II-specific",20/235,348/7448,0.0574712643678161,1.8214722426021,2.83282654198783,0.00672541841056608,0.0658530454128176,0.0567342966432483,LOC111330631/LOC111328662/LOC111328602/LOC111341087/LOC111326654/LOC111338776/LOC111340883/LOC111321709/LOC111339122/LOC111335662/LOC111344195/LOC111325851/LOC111322526/LOC111332020/LOC111331301/LOC111333767/LOC111331073/LOC111320928/LOC111344472/LOC111333334,20
GO:0015026,coreceptor activity,4/235,25/7448,0.16,5.07097872340426,3.67998245930914,0.00725167464367337,0.0658530454128176,0.0567342966432483,LOC111323862/LOC111333478/LOC111320728/LOC111324497,4
GO:0048406,nerve growth factor binding,4/235,25/7448,0.16,5.07097872340426,3.67998245930914,0.00725167464367337,0.0658530454128176,0.0567342966432483,LOC111327252/LOC111326544/LOC111320728/LOC111324497,4
GO:0070325,lipoprotein particle receptor binding,4/235,25/7448,0.16,5.07097872340426,3.67998245930914,0.00725167464367337,0.0658530454128176,0.0567342966432483,LOC111325671/LOC111340366/LOC111321178/LOC111340596,4
GO:0017147,Wnt-protein binding,4/235,26/7448,0.153846153846154,4.8759410801964,3.57330434523717,0.00836193477579098,0.0739371074912045,0.0636989491230615,LOC111323862/LOC111336974/LOC111333893/LOC111322245,4
GO:0043395,heparan sulfate proteoglycan binding,3/235,14/7448,0.214285714285714,6.79148936170213,3.9148005832754,0.00872343526558547,0.0751557499804287,0.0647488447513092,LOC111342023/LOC111340596/LOC111340622,3
GO:1901681,sulfur compound binding,8/235,96/7448,0.0833333333333333,2.64113475177305,2.92108201806301,0.0106281050754538,0.0888012723399451,0.0765048555560304,LOC111342023/LOC111322288/LOC111333170/LOC111325671/LOC111327334/LOC111331622/LOC111340596/LOC111340622,8
GO:0050839,cell adhesion molecule binding,9/235,116/7448,0.0775862068965517,2.45898752751284,2.85848546135295,0.0108358695414814,0.0888012723399451,0.0765048555560304,LOC111323911/LOC111334934/LOC111320822/LOC111335693/LOC111333901/LOC111323127/LOC111323777/LOC111321759/LOC111334412,9
GO:0019955,cytokine binding,4/235,31/7448,0.129032258064516,4.0894989704873,3.11115324984145,0.015569116409002,0.124552931272016,0.107305940162295,LOC111336303/LOC111327252/LOC111322400/LOC111333478,4
GO:0004601,peroxidase activity,4/235,33/7448,0.121212121212121,3.84165054803353,2.95283176234274,0.0192826307443313,0.150673579769659,0.129809631693785,LOC111336303/LOC111333170/LOC111322400/LOC111338412,4
GO:0008514,organic anion transmembrane transporter activity,7/235,89/7448,0.0786516853932584,2.49275639493187,2.55706156358184,0.0219297234544032,0.167463342742715,0.144274496410547,LOC111345835/LOC111336828/LOC111330589/LOC111342077/LOC111334900/LOC111334761/LOC111328842,7
GO:0042287,MHC protein binding,3/235,20/7448,0.15,4.75404255319149,3.03420474673984,0.0237777113941011,0.177540245075955,0.152956038207668,LOC111320817/LOC111320821/LOC111320842,3
GO:0004857,enzyme inhibitor activity,9/235,134/7448,0.0671641791044776,2.12867577008574,2.37963728532861,0.0255543125654088,0.18665758743429,0.160810891429918,LOC111330856/LOC111327252/LOC111327625/LOC111322161/LOC111326819/LOC111321403/LOC111326544/LOC111325220/LOC111326058,9
GO:0030246,carbohydrate binding,6/235,75/7448,0.08,2.53548936170213,2.41224807544697,0.0305174679566177,0.218167430498373,0.18795752940806,LOC111328393/LOC111328749/LOC111324410/LOC111323636/LOC111324368/LOC111329016,6
GO:0019199,transmembrane receptor protein kinase activity,4/235,39/7448,0.102564102564103,3.2506273867976,2.54344732256508,0.0335010507533481,0.234507355273436,0.202034845551989,LOC111324192/LOC111323862/LOC111333478/LOC111339275,4
GO:0005178,integrin binding,5/235,58/7448,0.0862068965517241,2.73220836390315,2.39033379020807,0.0354059997868755,0.239311027857185,0.206173347934605,LOC111323911/LOC111320822/LOC111335693/LOC111323127/LOC111321759,5
GO:0046943,carboxylic acid transmembrane transporter activity,5/235,59/7448,0.0847457627118644,2.68589974756581,2.34655944249921,0.0377285151716368,0.239311027857185,0.206173347934605,LOC111336828/LOC111330589/LOC111342077/LOC111334900/LOC111328842,5
GO:0005021,vascular endothelial growth factor receptor activity,2/235,10/7448,0.2,6.33872340425532,3.04913024521481,0.0377484657036631,0.239311027857185,0.206173347934605,LOC111333478/LOC111339275,2
GO:0032093,SAM domain binding,2/235,10/7448,0.2,6.33872340425532,3.04913024521481,0.0377484657036631,0.239311027857185,0.206173347934605,LOC111342023/LOC111323777,2
GO:0070492,oligosaccharide binding,2/235,10/7448,0.2,6.33872340425532,3.04913024521481,0.0377484657036631,0.239311027857185,0.206173347934605,LOC111328393/LOC111324368,2
GO:0008509,monoatomic anion transmembrane transporter activity,8/235,123/7448,0.0650406504065041,2.06137346479848,2.14231638241795,0.0402983177468437,0.250745088202583,0.216024120475283,LOC111345835/LOC111336828/LOC111343017/LOC111330589/LOC111342077/LOC111334900/LOC111334761/LOC111328842,8
GO:0020037,heme binding,6/235,81/7448,0.0740740740740741,2.34767533490938,2.20114724991827,0.042177545524841,0.253455289091431,0.218359036654585,LOC111336303/LOC111333170/LOC111326885/LOC111322400/LOC111338412/LOC111332887,6
GO:0005160,transforming growth factor beta receptor binding,2/235,11/7448,0.181818181818182,5.76247582205029,2.85296785028568,0.0451946009634273,0.253455289091431,0.218359036654585,LOC111325642/LOC111343646,2
GO:0015645,fatty acid ligase activity,2/235,11/7448,0.181818181818182,5.76247582205029,2.85296785028568,0.0451946009634273,0.253455289091431,0.218359036654585,LOC111331664/LOC111346320,2
GO:0047134,protein-disulfide reductase [NAD(P)H] activity,2/235,11/7448,0.181818181818182,5.76247582205029,2.85296785028568,0.0451946009634273,0.253455289091431,0.218359036654585,LOC111322266/LOC111322261,2
GO:0071837,HMG box domain binding,2/235,11/7448,0.181818181818182,5.76247582205029,2.85296785028568,0.0451946009634273,0.253455289091431,0.218359036654585,LOC111341087/LOC111325851,2
GO:0004930,G protein-coupled receptor activity,10/235,172/7448,0.0581395348837209,1.8426521523998,2.01805433253792,0.0452598730520413,0.253455289091431,0.218359036654585,LOC111342654/LOC111323945/LOC111335314/LOC111325186/LOC111334640/LOC111339822/LOC111333893/LOC111324532/LOC111322245/LOC111320921,10
GO:0004713,protein tyrosine kinase activity,6/235,83/7448,0.072289156626506,2.29110484491156,2.13491615417992,0.0466103309283897,0.256738871998999,0.221187937969062,LOC111328393/LOC111324192/LOC111323862/LOC111333478/LOC111339275/LOC111338817,6
GO:0000977,RNA polymerase II transcription regulatory region sequence-specific DNA binding,13/235,250/7448,0.052,1.64806808510638,1.88127099530263,0.0524765119672346,0.278925858342315,0.240302666178373,LOC111330631/LOC111328662/LOC111341087/LOC111326654/LOC111338776/LOC111340883/LOC111344195/LOC111325851/LOC111331301/LOC111333767/LOC111331073/LOC111344472/LOC111333334,13
GO:0004622,lysophospholipase activity,2/235,12/7448,0.166666666666667,5.2822695035461,2.6795481807657,0.0531287349223457,0.278925858342315,0.240302666178373,LOC111335819/LOC111331303,2
GO:0005044,scavenger receptor activity,2/235,12/7448,0.166666666666667,5.2822695035461,2.6795481807657,0.0531287349223457,0.278925858342315,0.240302666178373,LOC111339975/LOC111340596,2
GO:0051015,actin filament binding,7/235,108/7448,0.0648148148148148,2.0542159180457,1.99186572826942,0.0540763849730571,0.279533313091495,0.240826005952886,LOC111330205/LOC111328433/LOC111340398/LOC111330767/LOC111321894/LOC111325968/LOC111322259,7
GO:0016209,antioxidant activity,4/235,47/7448,0.0851063829787234,2.69732910819375,2.10686363906251,0.0599155337559473,0.295262133380484,0.254376837968775,LOC111336303/LOC111333170/LOC111322400/LOC111336999,4
GO:0016798,"hydrolase activity, acting on glycosyl bonds",4/235,47/7448,0.0851063829787234,2.69732910819375,2.10686363906251,0.0599155337559473,0.295262133380484,0.254376837968775,LOC111334156/LOC111336425/LOC111337168/LOC111329016,4
GO:0001228,"DNA-binding transcription activator activity, RNA polymerase II-specific",9/235,157/7448,0.0573248407643312,1.81683154899038,1.86704773815727,0.059996362982405,0.295262133380484,0.254376837968775,LOC111330631/LOC111328662/LOC111341087/LOC111338776/LOC111340883/LOC111331301/LOC111333767/LOC111344472/LOC111333334,9
GO:0001968,fibronectin binding,2/235,13/7448,0.153846153846154,4.8759410801964,2.52449780966304,0.0615129444542674,0.295262133380484,0.254376837968775,LOC111335693/LOC111331622,2
GO:0016405,CoA-ligase activity,2/235,13/7448,0.153846153846154,4.8759410801964,2.52449780966304,0.0615129444542674,0.295262133380484,0.254376837968775,LOC111331664/LOC111346320,2
GO:0005509,calcium ion binding,13/235,259/7448,0.0501930501930502,1.59079930994825,1.7467158518287,0.0657517555155009,0.311163237369131,0.26807609735749,LOC111323911/LOC111338418/LOC111323527/LOC111321680/LOC111321403/LOC111330961/LOC111331303/LOC111326058/LOC111328207/LOC111334412/LOC111324368/LOC111340596/LOC111342215,13
GO:0016684,"oxidoreductase activity, acting on peroxide as acceptor",3/235,30/7448,0.1,3.16936170212766,2.14889810891157,0.0673948024559428,0.313602021066074,0.270177179803165,LOC111336303/LOC111333170/LOC111322400,3
GO:0003700,DNA-binding transcription factor activity,18/235,391/7448,0.0460358056265985,1.45904119279534,1.68304846211542,0.0681337724339983,0.313602021066074,0.270177179803165,LOC111330631/LOC111328662/LOC111328602/LOC111341087/LOC111326654/LOC111338776/LOC111340883/LOC111321709/LOC111335662/LOC111325851/LOC111322526/LOC111332020/LOC111331301/LOC111333767/LOC111331073/LOC111320928/LOC111344472/LOC111333334,18
GO:0008484,sulfuric ester hydrolase activity,2/235,14/7448,0.142857142857143,4.52765957446809,2.38454789385401,0.0703111959857143,0.318484818358396,0.274383850402753,LOC111328024/LOC111321463,2
GO:0008289,lipid binding,15/235,314/7448,0.0477707006369427,1.51402629082532,1.67977164452899,0.0710903612407133,0.318484818358396,0.274383850402753,LOC111335366/LOC111335819/LOC111328749/LOC111325671/LOC111340366/LOC111333613/LOC111321759/LOC111342143/LOC111327334/LOC111323636/LOC111331303/LOC111321894/LOC111333893/LOC111325968/LOC111342147,15
GO:0008374,O-acyltransferase activity,3/235,31/7448,0.0967741935483871,3.06712422786548,2.08161268891289,0.0729475545324009,0.32250497793272,0.277847333745294,LOC111324979/LOC111335819/LOC111330775,3
GO:0015171,amino acid transmembrane transporter activity,3/235,32/7448,0.09375,2.97127659574468,2.01699274587621,0.0786975893254897,0.343407662511228,0.295855598968006,LOC111336828/LOC111330589/LOC111342077,3
GO:0008198,ferrous iron binding,2/235,16/7448,0.125,3.96170212765957,2.14049964496817,0.089014657736068,0.36836099126525,0.317353610895814,LOC111329755/LOC111329754,2
GO:0016878,acid-thiol ligase activity,2/235,16/7448,0.125,3.96170212765957,2.14049964496817,0.089014657736068,0.36836099126525,0.317353610895814,LOC111331664/LOC111346320,2
GO:0043121,neurotrophin binding,2/235,16/7448,0.125,3.96170212765957,2.14049964496817,0.089014657736068,0.36836099126525,0.317353610895814,LOC111327252/LOC111326544,2
GO:0045503,dynein light chain binding,2/235,16/7448,0.125,3.96170212765957,2.14049964496817,0.089014657736068,0.36836099126525,0.317353610895814,LOC111331389/LOC111331219,2
GO:0004714,transmembrane receptor protein tyrosine kinase activity,4/235,54/7448,0.0740740740740741,2.34767533490938,1.79394481306786,0.0898976228683051,0.36836099126525,0.317353610895814,LOC111324192/LOC111323862/LOC111333478/LOC111339275,4
GO:0005035,death receptor activity,2/235,17/7448,0.117647058823529,3.72866082603254,2.03290473769532,0.0988565383938322,0.381790768969283,0.328923751461632,LOC111320728/LOC111324497,2
GO:0016620,"oxidoreductase activity, acting on the aldehyde or oxo group of donors, NAD or NADP as acceptor",2/235,17/7448,0.117647058823529,3.72866082603254,2.03290473769532,0.0988565383938322,0.381790768969283,0.328923751461632,LOC111346087/LOC111331622,2
GO:0016668,"oxidoreductase activity, acting on a sulfur group of donors, NAD(P) as acceptor",2/235,17/7448,0.117647058823529,3.72866082603254,2.03290473769532,0.0988565383938322,0.381790768969283,0.328923751461632,LOC111322266/LOC111322261,2
GO:0035035,histone acetyltransferase binding,2/235,17/7448,0.117647058823529,3.72866082603254,2.03290473769532,0.0988565383938322,0.381790768969283,0.328923751461632,LOC111331303/LOC111333767,2
GO:0090482,vitamin transmembrane transporter activity,2/235,17/7448,0.117647058823529,3.72866082603254,2.03290473769532,0.0988565383938322,0.381790768969283,0.328923751461632,LOC111345835/LOC111330251,2
GO:0005215,transporter activity,21/235,496/7448,0.0423387096774194,1.34186684969115,1.42236018995929,0.101926189385884,0.389172723109738,0.335283517716723,LOC111345835/LOC111336828/LOC111343017/LOC111330589/LOC111325671/LOC111323127/LOC111342077/LOC111330251/LOC111342143/LOC111323527/LOC111327414/LOC111327248/LOC111321178/LOC111331589/LOC111334900/LOC111326058/LOC111334761/LOC111328842/LOC111340596/LOC111341071/LOC111342147,21
GO:0004623,phospholipase A2 activity,2/235,18/7448,0.111111111111111,3.52151300236407,1.93316845410488,0.108985656014004,0.406879782452282,0.350538659694165,LOC111335819/LOC111331303,2
GO:0015485,cholesterol binding,2/235,18/7448,0.111111111111111,3.52151300236407,1.93316845410488,0.108985656014004,0.406879782452282,0.350538659694165,LOC111342143/LOC111342147,2
GO:0005109,frizzled binding,2/235,19/7448,0.105263157894737,3.33617021276596,1.84027508110669,0.11937427663963,0.435975619031692,0.375605561509133,LOC111323862/LOC111333893,2
GO:0015370,solute:sodium symporter activity,2/235,19/7448,0.105263157894737,3.33617021276596,1.84027508110669,0.11937427663963,0.435975619031692,0.375605561509133,LOC111336828/LOC111330251,2
GO:0038024,cargo receptor activity,3/235,39/7448,0.0769230769230769,2.4379705400982,1.62505901314225,0.123960236874431,0.447856339675365,0.385841144770443,LOC111319860/LOC111340596/LOC111330877,3
GO:0008569,minus-end-directed microtubule motor activity,2/235,21/7448,0.0952380952380952,3.01843971631206,1.67180400178793,0.140826282315218,0.498080324820139,0.429110555531135,LOC111331389/LOC111331219,2
GO:0046934,"1-phosphatidylinositol-4,5-bisphosphate 3-kinase activity",2/235,21/7448,0.0952380952380952,3.01843971631206,1.67180400178793,0.140826282315218,0.498080324820139,0.429110555531135,LOC111322288/LOC111338817,2
GO:0004725,protein tyrosine phosphatase activity,3/235,42/7448,0.0714285714285714,2.26382978723404,1.4824771916895,0.145687231687604,0.504648555124071,0.434769275247868,LOC111342023/LOC111323777/LOC111345144,3
GO:0005507,copper ion binding,3/235,42/7448,0.0714285714285714,2.26382978723404,1.4824771916895,0.145687231687604,0.504648555124071,0.434769275247868,LOC111328120/LOC111324368/LOC111324400,3
GO:0016903,"oxidoreductase activity, acting on the aldehyde or oxo group of donors",2/235,22/7448,0.0909090909090909,2.88123791102515,1.59493956693091,0.151841203287497,0.520598411271417,0.44851053602644,LOC111346087/LOC111331622,2
GO:0004721,phosphoprotein phosphatase activity,5/235,90/7448,0.0555555555555556,1.76075650118203,1.31055024912282,0.154423378669527,0.52410358821173,0.451530346986923,LOC111342023/LOC111323127/LOC111323777/LOC111345144/LOC111324410,5
GO:0050750,low-density lipoprotein particle receptor binding,2/235,23/7448,0.0869565217391304,2.75596669750231,1.52229424690244,0.163018579970318,0.547742428700269,0.471895889387763,LOC111325671/LOC111340366,2
GO:0030594,neurotransmitter receptor activity,2/235,24/7448,0.0833333333333333,2.64113475177305,1.45344138876684,0.174337324637386,0.574350685741468,0.494819669733407,LOC111343017/LOC111320921,2
GO:0008270,zinc ion binding,16/235,392/7448,0.0408163265306122,1.2936170212766,1.0779822699497,0.174356458171517,0.574350685741468,0.494819669733407,LOC111323911/LOC111340822/LOC111320816/LOC111324935/LOC111324993/LOC111327625/LOC111324983/LOC111328588/LOC111326819/LOC111330961/LOC111333012/LOC111325220/LOC111334113/LOC111324945/LOC111321502/LOC111324943,16
GO:0008157,protein phosphatase 1 binding,2/235,25/7448,0.08,2.53548936170213,1.38801362066429,0.185777508234775,0.605801379438894,0.521915348827368,LOC111324410/LOC111328517,2
GO:0019902,phosphatase binding,6/235,122/7448,0.0491803278688525,1.55870247645623,1.12303604733185,0.187509950778705,0.605801379438894,0.521915348827368,LOC111332158/LOC111324410/LOC111328517/LOC111344752/LOC111334113/LOC111326058,6
GO:0015081,sodium ion transmembrane transporter activity,3/235,49/7448,0.0612244897959184,1.94042553191489,1.19207225407604,0.200489534332686,0.638241046968274,0.549863057381815,LOC111336828/LOC111330251/LOC111334900,3
GO:0005506,iron ion binding,4/235,74/7448,0.0540540540540541,1.71316848763657,1.11281527975584,0.204823414505748,0.638241046968274,0.549863057381815,LOC111322161/LOC111329755/LOC111329754/LOC111332887,4
GO:0000976,transcription cis-regulatory region binding,11/235,262/7448,0.0419847328244275,1.33064804287803,0.983421361480324,0.205083791118605,0.638241046968274,0.549863057381815,LOC111330631/LOC111328662/LOC111341087/LOC111326654/LOC111338776/LOC111340883/LOC111325851/LOC111331301/LOC111333767/LOC111344472/LOC111333334,11
GO:0022857,transmembrane transporter activity,17/235,433/7448,0.0392609699769053,1.24432214633188,0.945495763850533,0.206523068284629,0.638241046968274,0.549863057381815,LOC111345835/LOC111336828/LOC111343017/LOC111330589/LOC111342077/LOC111330251/LOC111323527/LOC111340820/LOC111345133/LOC111336930/LOC111337259/LOC111331589/LOC111334900/LOC111326058/LOC111340840/LOC111334761/LOC111328842,17
GO:0032934,sterol binding,2/235,27/7448,0.0740740740740741,2.34767533490938,1.26620081362523,0.20894796180509,0.638241046968274,0.549863057381815,LOC111342143/LOC111342147,2
GO:0051959,dynein light intermediate chain binding,2/235,27/7448,0.0740740740740741,2.34767533490938,1.26620081362523,0.20894796180509,0.638241046968274,0.549863057381815,LOC111331389/LOC111331219,2
GO:0005546,"phosphatidylinositol-4,5-bisphosphate binding",3/235,51/7448,0.0588235294117647,1.86433041301627,1.1179019542466,0.216965612601124,0.651295769951679,0.561110077495964,LOC111330205/LOC111321894/LOC111333893,3
GO:0022804,active transmembrane transporter activity,6/235,128/7448,0.046875,1.48563829787234,1.00029711105742,0.217098589983893,0.651295769951679,0.561110077495964,LOC111336828/LOC111330589/LOC111330251/LOC111334900/LOC111326058/LOC111334761,6
GO:0048306,calcium-dependent protein binding,2/235,28/7448,0.0714285714285714,2.26382978723404,1.20929509694167,0.220643712894505,0.65607334099605,0.565226092650106,LOC111327252/LOC111338418,2
GO:0015108,chloride transmembrane transporter activity,2/235,29/7448,0.0689655172413793,2.18576669112252,1.15476125003147,0.232391772025131,0.678988133916904,0.584967847202846,LOC111336828/LOC111343017,2
GO:0019829,ATPase-coupled monoatomic cation transmembrane transporter activity,2/235,29/7448,0.0689655172413793,2.18576669112252,1.15476125003147,0.232391772025131,0.678988133916904,0.584967847202846,LOC111334900/LOC111326058,2
GO:1990837,sequence-specific double-stranded DNA binding,11/235,271/7448,0.040590405904059,1.28645677946141,0.867039571967665,0.236513849834849,0.684782246027235,0.589959641784115,LOC111330631/LOC111328662/LOC111341087/LOC111326654/LOC111338776/LOC111340883/LOC111325851/LOC111331301/LOC111333767/LOC111344472/LOC111333334,11
GO:0001664,G protein-coupled receptor binding,4/235,79/7448,0.0506329113924051,1.60474010234312,0.975314494409027,0.238450960670198,0.684782246027235,0.589959641784115,LOC111323862/LOC111328749/LOC111323636/LOC111333893,4
GO:0015294,solute:monoatomic cation symporter activity,2/235,30/7448,0.0666666666666667,2.11290780141844,1.10240973993201,0.244177269851501,0.689441703110121,0.593973898356151,LOC111336828/LOC111330251,2
GO:0043178,alcohol binding,2/235,30/7448,0.0666666666666667,2.11290780141844,1.10240973993201,0.244177269851501,0.689441703110121,0.593973898356151,LOC111342143/LOC111342147,2
GO:0016836,hydro-lyase activity,2/235,31/7448,0.0645161290322581,2.04474948524365,1.05207212798433,0.255986215735577,0.707478831401785,0.609513404246525,LOC111333012/LOC111341830,2
GO:0097110,scaffold protein binding,2/235,31/7448,0.0645161290322581,2.04474948524365,1.05207212798433,0.255986215735577,0.707478831401785,0.609513404246525,LOC111336974/LOC111326058,2
GO:0015036,disulfide oxidoreductase activity,2/235,32/7448,0.0625,1.98085106382979,1.00359811748401,0.26780545749625,0.707478831401785,0.609513404246525,LOC111322266/LOC111322261,2
GO:0140359,ABC-type transporter activity,2/235,32/7448,0.0625,1.98085106382979,1.00359811748401,0.26780545749625,0.707478831401785,0.609513404246525,LOC111334900/LOC111334761,2
GO:0004508,steroid 17-alpha-monooxygenase activity,1/235,10/7448,0.1,3.16936170212766,1.23899776742429,0.274433739473434,0.707478831401785,0.609513404246525,LOC111332887,1
GO:0005042,netrin receptor activity,1/235,10/7448,0.1,3.16936170212766,1.23899776742429,0.274433739473434,0.707478831401785,0.609513404246525,LOC111333901,1
GO:0015216,purine nucleotide transmembrane transporter activity,1/235,10/7448,0.1,3.16936170212766,1.23899776742429,0.274433739473434,0.707478831401785,0.609513404246525,LOC111334761,1
GO:0030275,LRR domain binding,1/235,10/7448,0.1,3.16936170212766,1.23899776742429,0.274433739473434,0.707478831401785,0.609513404246525,LOC111332158,1
GO:0051400,BH domain binding,1/235,10/7448,0.1,3.16936170212766,1.23899776742429,0.274433739473434,0.707478831401785,0.609513404246525,LOC111340887,1
GO:0005543,phospholipid binding,9/235,226/7448,0.0398230088495575,1.26213519111279,0.722299721647671,0.284347740751103,0.707478831401785,0.609513404246525,LOC111335366/LOC111335819/LOC111325671/LOC111340366/LOC111333613/LOC111331303/LOC111321894/LOC111333893/LOC111325968,9
GO:0015291,secondary active transmembrane transporter activity,3/235,59/7448,0.0508474576271187,1.61153984853949,0.851186203762601,0.285103684896172,0.707478831401785,0.609513404246525,LOC111336828/LOC111330589/LOC111330251,3
GO:0022853,active monoatomic ion transmembrane transporter activity,2/235,34/7448,0.0588235294117647,1.86433041301627,0.911716058560107,0.291426182176681,0.707478831401785,0.609513404246525,LOC111334900/LOC111326058,2
GO:0045296,cadherin binding,2/235,34/7448,0.0588235294117647,1.86433041301627,0.911716058560107,0.291426182176681,0.707478831401785,0.609513404246525,LOC111333901/LOC111334412,2
GO:0052689,carboxylic ester hydrolase activity,3/235,60/7448,0.05,1.58468085106383,0.820725059732911,0.293778410123812,0.707478831401785,0.609513404246525,LOC111335819/LOC111341498/LOC111331303,3
GO:0016791,phosphatase activity,6/235,143/7448,0.041958041958042,1.32980211278084,0.71875020912414,0.296864260361772,0.707478831401785,0.609513404246525,LOC111342023/LOC111323127/LOC111323777/LOC111345144/LOC111324410/LOC111333580,6
GO:0001530,lipopolysaccharide binding,1/235,11/7448,0.0909090909090909,2.88123791102515,1.12695822077323,0.297357653324435,0.707478831401785,0.609513404246525,LOC111327334,1
GO:0015175,neutral L-amino acid transmembrane transporter activity,1/235,11/7448,0.0909090909090909,2.88123791102515,1.12695822077323,0.297357653324435,0.707478831401785,0.609513404246525,LOC111342077,1
GO:0016505,peptidase activator activity involved in apoptotic process,1/235,11/7448,0.0909090909090909,2.88123791102515,1.12695822077323,0.297357653324435,0.707478831401785,0.609513404246525,LOC111344752,1
GO:0016849,phosphorus-oxygen lyase activity,1/235,11/7448,0.0909090909090909,2.88123791102515,1.12695822077323,0.297357653324435,0.707478831401785,0.609513404246525,LOC111321593,1
GO:0017154,semaphorin receptor activity,1/235,11/7448,0.0909090909090909,2.88123791102515,1.12695822077323,0.297357653324435,0.707478831401785,0.609513404246525,LOC111333478,1
GO:0031210,phosphatidylcholine binding,1/235,11/7448,0.0909090909090909,2.88123791102515,1.12695822077323,0.297357653324435,0.707478831401785,0.609513404246525,LOC111329762,1
GO:0033764,"steroid dehydrogenase activity, acting on the CH-OH group of donors, NAD or NADP as acceptor",1/235,11/7448,0.0909090909090909,2.88123791102515,1.12695822077323,0.297357653324435,0.707478831401785,0.609513404246525,LOC111331622,1
GO:0030165,PDZ domain binding,3/235,61/7448,0.0491803278688525,1.55870247645623,0.790820841563282,0.302470464395742,0.707478831401785,0.609513404246525,LOC111322311/LOC111333893/LOC111326058,3
GO:0005496,steroid binding,2/235,35/7448,0.0571428571428571,1.81106382978723,0.868077896504115,0.303205213457908,0.707478831401785,0.609513404246525,LOC111342143/LOC111342147,2
GO:0046906,tetrapyrrole binding,2/235,35/7448,0.0571428571428571,1.81106382978723,0.868077896504115,0.303205213457908,0.707478831401785,0.609513404246525,LOC111336303/LOC111322400,2
GO:0045505,dynein intermediate chain binding,2/235,36/7448,0.0555555555555556,1.76075650118203,0.825839895562466,0.314949567815406,0.71654688834389,0.617325796662186,LOC111331389/LOC111331219,2
GO:0004383,guanylate cyclase activity,1/235,12/7448,0.0833333333333333,2.64113475177305,1.0269086602007,0.319560282270079,0.71654688834389,0.617325796662186,LOC111321593,1
GO:0016229,steroid dehydrogenase activity,1/235,12/7448,0.0833333333333333,2.64113475177305,1.0269086602007,0.319560282270079,0.71654688834389,0.617325796662186,LOC111331622,1
GO:0017080,sodium channel regulator activity,1/235,12/7448,0.0833333333333333,2.64113475177305,1.0269086602007,0.319560282270079,0.71654688834389,0.617325796662186,LOC111320952,1
GO:0035925,mRNA 3'-UTR AU-rich region binding,1/235,12/7448,0.0833333333333333,2.64113475177305,1.0269086602007,0.319560282270079,0.71654688834389,0.617325796662186,LOC111320938,1
GO:0042626,ATPase-coupled transmembrane transporter activity,3/235,63/7448,0.0476190476190476,1.50921985815603,0.732600141906118,0.319887003724951,0.71654688834389,0.617325796662186,LOC111334900/LOC111326058/LOC111334761,3
GO:0005547,"phosphatidylinositol-3,4,5-trisphosphate binding",2/235,37/7448,0.0540540540540541,1.71316848763657,0.7849124944774,0.326649737106783,0.725809791733301,0.625306054908076,LOC111333613/LOC111325968,2
GO:0043565,sequence-specific DNA binding,13/235,355/7448,0.0366197183098592,1.16061132753971,0.559682864244258,0.329702691033603,0.725809791733301,0.625306054908076,LOC111330631/LOC111328662/LOC111328602/LOC111341087/LOC111326654/LOC111338776/LOC111340883/LOC111325851/LOC111332020/LOC111331301/LOC111333767/LOC111344472/LOC111333334,13
GO:0000987,cis-regulatory region sequence-specific DNA binding,7/235,178/7448,0.0393258426966292,1.24637819746593,0.600498201788538,0.330502673021414,0.725809791733301,0.625306054908076,LOC111330631/LOC111328662/LOC111338776/LOC111340883/LOC111331301/LOC111333767/LOC111333334,7
GO:0019903,protein phosphatase binding,4/235,93/7448,0.0430107526881721,1.36316632349577,0.63609553511862,0.337662835574157,0.729920893640697,0.628847887691703,LOC111324410/LOC111328517/LOC111334113/LOC111326058,4
GO:0016628,"oxidoreductase activity, acting on the CH-CH group of donors, NAD or NADP as acceptor",1/235,13/7448,0.0769230769230769,2.4379705400982,0.936586342188139,0.341064227088064,0.729920893640697,0.628847887691703,LOC111340822,1
GO:0016701,"oxidoreductase activity, acting on single donors with incorporation of molecular oxygen",1/235,13/7448,0.0769230769230769,2.4379705400982,0.936586342188139,0.341064227088064,0.729920893640697,0.628847887691703,LOC111326885,1
GO:0051861,glycolipid binding,1/235,13/7448,0.0769230769230769,2.4379705400982,0.936586342188139,0.341064227088064,0.729920893640697,0.628847887691703,LOC111321759,1
GO:0030234,enzyme regulator activity,15/235,422/7448,0.0355450236966825,1.12655036805486,0.4830946270314,0.353940227190568,0.752683014785005,0.648458111108635,LOC111330856/LOC111335366/LOC111327252/LOC111322288/LOC111327625/LOC111333478/LOC111322161/LOC111324410/LOC111327334/LOC111326819/LOC111321403/LOC111326544/LOC111325220/LOC111344752/LOC111326058,15
GO:0003785,actin monomer binding,1/235,14/7448,0.0714285714285714,2.26382978723404,0.854295204432618,0.361891383326706,0.755251582594864,0.650671006308232,LOC111321894,1
GO:0005227,calcium-activated cation channel activity,1/235,14/7448,0.0714285714285714,2.26382978723404,0.854295204432618,0.361891383326706,0.755251582594864,0.650671006308232,LOC111326934,1
GO:0015215,nucleotide transmembrane transporter activity,1/235,14/7448,0.0714285714285714,2.26382978723404,0.854295204432618,0.361891383326706,0.755251582594864,0.650671006308232,LOC111334761,1
GO:0003774,cytoskeletal motor activity,3/235,69/7448,0.0434782608695652,1.37798334875116,0.569331352336355,0.372069443827042,0.759354938376625,0.654206165581365,LOC111331389/LOC111331219/LOC111325968,3
GO:0001067,transcription regulatory region nucleic acid binding,11/235,306/7448,0.0359477124183006,1.13931303017661,0.449168374968734,0.372146641332715,0.759354938376625,0.654206165581365,LOC111330631/LOC111328662/LOC111341087/LOC111326654/LOC111338776/LOC111340883/LOC111325851/LOC111331301/LOC111333767/LOC111344472/LOC111333334,11
GO:0046332,SMAD binding,2/235,41/7448,0.0487804878048781,1.54603009859886,0.632781801839916,0.372839810137125,0.759354938376625,0.654206165581365,LOC111320871/LOC111320822,2
GO:0035091,phosphatidylinositol binding,6/235,158/7448,0.0379746835443038,1.20355507675734,0.466781203740849,0.381295493268434,0.759354938376625,0.654206165581365,LOC111335366/LOC111340366/LOC111333613/LOC111321894/LOC111333893/LOC111325968,6
GO:0043236,laminin binding,1/235,15/7448,0.0666666666666667,2.11290780141844,0.778734457634957,0.382062963218853,0.759354938376625,0.654206165581365,LOC111335693,1
GO:0046625,sphingolipid binding,1/235,15/7448,0.0666666666666667,2.11290780141844,0.778734457634957,0.382062963218853,0.759354938376625,0.654206165581365,LOC111321759,1
GO:0050998,nitric-oxide synthase binding,1/235,15/7448,0.0666666666666667,2.11290780141844,0.778734457634957,0.382062963218853,0.759354938376625,0.654206165581365,LOC111326058,1
GO:0061578,K63-linked deubiquitinase activity,1/235,15/7448,0.0666666666666667,2.11290780141844,0.778734457634957,0.382062963218853,0.759354938376625,0.654206165581365,LOC111330437,1
GO:0016667,"oxidoreductase activity, acting on a sulfur group of donors",2/235,42/7448,0.0476190476190476,1.50921985815603,0.597316848278932,0.384197439059602,0.759354938376625,0.654206165581365,LOC111322266/LOC111322261,2
GO:0097367,carbohydrate derivative binding,15/235,435/7448,0.0344827586206897,1.09288334556126,0.360327327699079,0.398945325904611,0.783892570198533,0.675346042620917,LOC111342023/LOC111322288/LOC111333170/LOC111325671/LOC111321759/LOC111327334/LOC111336425/LOC111331622/LOC111333893/LOC111334900/LOC111333695/LOC111326058/LOC111337168/LOC111340596/LOC111340622,15
GO:0031996,thioesterase binding,1/235,16/7448,0.0625,1.98085106382979,0.708886735869488,0.401599516917706,0.784519986536913,0.675886579879859,LOC111334113,1
GO:0004620,phospholipase activity,2/235,45/7448,0.0444444444444444,1.40860520094563,0.496218457534907,0.417713881345757,0.784972445740836,0.676276386524843,LOC111335819/LOC111331303,2
GO:0004180,carboxypeptidase activity,1/235,17/7448,0.0588235294117647,1.86433041301627,0.643942762981555,0.420520953075448,0.784972445740836,0.676276386524843,LOC111327581,1
GO:0005310,dicarboxylic acid transmembrane transporter activity,1/235,17/7448,0.0588235294117647,1.86433041301627,0.643942762981555,0.420520953075448,0.784972445740836,0.676276386524843,LOC111342077,1
GO:0005326,neurotransmitter transmembrane transporter activity,1/235,17/7448,0.0588235294117647,1.86433041301627,0.643942762981555,0.420520953075448,0.784972445740836,0.676276386524843,LOC111342077,1
GO:0008519,ammonium channel activity,1/235,17/7448,0.0588235294117647,1.86433041301627,0.643942762981555,0.420520953075448,0.784972445740836,0.676276386524843,LOC111336828,1
GO:0016702,"oxidoreductase activity, acting on single donors with incorporation of molecular oxygen, incorporation of two atoms of oxygen",1/235,17/7448,0.0588235294117647,1.86433041301627,0.643942762981555,0.420520953075448,0.784972445740836,0.676276386524843,LOC111326885,1
GO:0017134,fibroblast growth factor binding,1/235,17/7448,0.0588235294117647,1.86433041301627,0.643942762981555,0.420520953075448,0.784972445740836,0.676276386524843,LOC111345144,1
GO:0030507,spectrin binding,1/235,17/7448,0.0588235294117647,1.86433041301627,0.643942762981555,0.420520953075448,0.784972445740836,0.676276386524843,LOC111325968,1
GO:0015075,monoatomic ion transmembrane transporter activity,11/235,319/7448,0.0344827586206897,1.09288334556126,0.306045167266196,0.425303106116033,0.789512948370093,0.680188160406565,LOC111345835/LOC111336828/LOC111343017/LOC111330589/LOC111342077/LOC111330251/LOC111323527/LOC111334900/LOC111326058/LOC111334761/LOC111328842,11
GO:0003690,double-stranded DNA binding,11/235,321/7448,0.0342679127725857,1.08607410353284,0.284536697785374,0.433500733010966,0.792755073934093,0.682981345024673,LOC111330631/LOC111328662/LOC111341087/LOC111326654/LOC111338776/LOC111340883/LOC111325851/LOC111331301/LOC111333767/LOC111344472/LOC111333334,11
GO:0003779,actin binding,6/235,168/7448,0.0357142857142857,1.13191489361702,0.312139999060629,0.438027847628582,0.792755073934093,0.682981345024673,LOC111330205/LOC111340398/LOC111321894/LOC111325968/LOC111322259/LOC111330877,6
GO:0000146,microfilament motor activity,1/235,18/7448,0.0555555555555556,1.76075650118203,0.583249211073457,0.438846558784944,0.792755073934093,0.682981345024673,LOC111325968,1
GO:0015605,organophosphate ester transmembrane transporter activity,1/235,18/7448,0.0555555555555556,1.76075650118203,0.583249211073457,0.438846558784944,0.792755073934093,0.682981345024673,LOC111334761,1
GO:0016303,1-phosphatidylinositol-3-kinase activity,1/235,18/7448,0.0555555555555556,1.76075650118203,0.583249211073457,0.438846558784944,0.792755073934093,0.682981345024673,LOC111338817,1
GO:0015103,inorganic anion transmembrane transporter activity,2/235,48/7448,0.0416666666666667,1.32056737588652,0.402152453776164,0.450289718869581,0.799041283082225,0.688397095387255,LOC111336828/LOC111343017,2
GO:0015318,inorganic molecular entity transmembrane transporter activity,10/235,295/7448,0.0338983050847458,1.07435989902633,0.23521896181592,0.454461286294134,0.799041283082225,0.688397095387255,LOC111336828/LOC111343017/LOC111330589/LOC111342077/LOC111330251/LOC111323527/LOC111331589/LOC111334900/LOC111326058/LOC111328842,10
GO:0005230,extracellular ligand-gated monoatomic ion channel activity,1/235,19/7448,0.0526315789473684,1.66808510638298,0.52627174450592,0.456595018904129,0.799041283082225,0.688397095387255,LOC111343017,1
GO:0015278,intracellularly gated calcium channel activity,1/235,19/7448,0.0526315789473684,1.66808510638298,0.52627174450592,0.456595018904129,0.799041283082225,0.688397095387255,LOC111323527,1
GO:0016881,acid-amino acid ligase activity,1/235,19/7448,0.0526315789473684,1.66808510638298,0.52627174450592,0.456595018904129,0.799041283082225,0.688397095387255,LOC111327418,1
GO:1990380,K48-linked deubiquitinase activity,1/235,19/7448,0.0526315789473684,1.66808510638298,0.52627174450592,0.456595018904129,0.799041283082225,0.688397095387255,LOC111330437,1
GO:1901981,phosphatidylinositol phosphate binding,4/235,111/7448,0.036036036036036,1.14211232509105,0.272270517488995,0.466367993196979,0.803997828721158,0.692667302313028,LOC111333613/LOC111321894/LOC111333893/LOC111325968,4
GO:0015276,ligand-gated monoatomic ion channel activity,2/235,50/7448,0.04,1.26774468085106,0.342858824898104,0.471429049219934,0.803997828721158,0.692667302313028,LOC111343017/LOC111323527,2
GO:0016298,lipase activity,2/235,50/7448,0.04,1.26774468085106,0.342858824898104,0.471429049219934,0.803997828721158,0.692667302313028,LOC111335819/LOC111331303,2
GO:0022834,ligand-gated channel activity,2/235,50/7448,0.04,1.26774468085106,0.342858824898104,0.471429049219934,0.803997828721158,0.692667302313028,LOC111343017/LOC111323527,2
GO:0070851,growth factor receptor binding,2/235,50/7448,0.04,1.26774468085106,0.342858824898104,0.471429049219934,0.803997828721158,0.692667302313028,LOC111332158/LOC111322288,2
GO:1901682,sulfur compound transmembrane transporter activity,1/235,20/7448,0.05,1.58468085106383,0.47256827499666,0.473784434782111,0.803997828721158,0.692667302313028,LOC111342077,1
GO:0016829,lyase activity,3/235,83/7448,0.036144578313253,1.14555242245578,0.240679305949124,0.48960117261847,0.823926335241164,0.709836285060527,LOC111321593/LOC111333012/LOC111341830,3
GO:0016504,peptidase activator activity,1/235,21/7448,0.0476190476190476,1.50921985815603,0.421769245707565,0.490432342405455,0.823926335241164,0.709836285060527,LOC111344752,1
GO:0016874,ligase activity,3/235,84/7448,0.0357142857142857,1.13191489361702,0.219453861280776,0.497613952559571,0.831832278905551,0.716647483392941,LOC111331664/LOC111346320/LOC111327210,3
GO:0005112,Notch binding,1/235,22/7448,0.0454545454545455,1.44061895551257,0.373562855590027,0.506555729982501,0.83432708467706,0.718796830470525,LOC111329099,1
GO:0042887,amide transmembrane transporter activity,1/235,22/7448,0.0454545454545455,1.44061895551257,0.373562855590027,0.506555729982501,0.83432708467706,0.718796830470525,LOC111342077,1
GO:0046915,transition metal ion transmembrane transporter activity,1/235,22/7448,0.0454545454545455,1.44061895551257,0.373562855590027,0.506555729982501,0.83432708467706,0.718796830470525,LOC111323527,1
GO:0005253,monoatomic anion channel activity,1/235,23/7448,0.0434782608695652,1.37798334875116,0.327683821138098,0.522171054983055,0.847582002291335,0.730216324029189,LOC111343017,1
GO:0050840,extracellular matrix binding,1/235,23/7448,0.0434782608695652,1.37798334875116,0.327683821138098,0.522171054983055,0.847582002291335,0.730216324029189,LOC111335693,1
GO:0071949,FAD binding,1/235,23/7448,0.0434782608695652,1.37798334875116,0.327683821138098,0.522171054983055,0.847582002291335,0.730216324029189,LOC111322597,1
GO:0030674,protein-macromolecule adaptor activity,3/235,88/7448,0.0340909090909091,1.08046421663443,0.137047733766151,0.529015971896356,0.851560714992861,0.733644099696231,LOC111320871/LOC111340398/LOC111330877,3
GO:0046914,transition metal ion binding,12/235,378/7448,0.0317460317460317,1.00614657210402,0.0221378691214147,0.53444072248836,0.851560714992861,0.733644099696231,LOC111323911/LOC111320816/LOC111327625/LOC111322161/LOC111329755/LOC111326819/LOC111330961/LOC111328120/LOC111325220/LOC111324368/LOC111321502/LOC111329754,12
GO:0008146,sulfotransferase activity,1/235,24/7448,0.0416666666666667,1.32056737588652,0.283904713795424,0.537294260650258,0.851560714992861,0.733644099696231,LOC111328024,1
GO:0052742,phosphatidylinositol kinase activity,1/235,24/7448,0.0416666666666667,1.32056737588652,0.283904713795424,0.537294260650258,0.851560714992861,0.733644099696231,LOC111338817,1
GO:0099604,ligand-gated calcium channel activity,1/235,24/7448,0.0416666666666667,1.32056737588652,0.283904713795424,0.537294260650258,0.851560714992861,0.733644099696231,LOC111323527,1
GO:0004197,cysteine-type endopeptidase activity,2/235,57/7448,0.0350877192982456,1.11205673758865,0.153281747496188,0.541412240573542,0.854058745693474,0.735796225143188,LOC111333695/LOC111344752,2
GO:0031435,mitogen-activated protein kinase kinase kinase binding,1/235,25/7448,0.04,1.26774468085106,0.24202920134186,0.551940792000903,0.866598626693006,0.746599694049426,LOC111323862,1
GO:0005217,intracellularly ligand-gated monoatomic ion channel activity,1/235,26/7448,0.0384615384615385,1.2189852700491,0.201886716237114,0.566125611329986,0.884735839101746,0.762225425291291,LOC111323527,1
GO:0003777,microtubule motor activity,2/235,60/7448,0.0333333333333333,1.05645390070922,0.0792451658839638,0.569387409956518,0.88571374882125,0.763067922700012,LOC111331389/LOC111331219,2
GO:0005254,chloride channel activity,1/235,27/7448,0.037037037037037,1.17383766745469,0.163328206926515,0.57986321323479,0.897852717266772,0.773525993885847,LOC111343017,1
GO:0046982,protein heterodimerization activity,8/235,262/7448,0.0305343511450382,0.967744031184018,-0.0959364782345971,0.589367198316956,0.908382470800445,0.782597680044243,LOC111325642/LOC111328662/LOC111322288/LOC111335693/LOC111338776/LOC111340883/LOC111333893/LOC111343646,8
GO:0001046,core promoter sequence-specific DNA binding,1/235,29/7448,0.0344827586206897,1.09288334556126,0.0904546307721721,0.606052491571469,0.929833959671295,0.801078755982475,LOC111340883,1
GO:0015179,L-amino acid transmembrane transporter activity,1/235,30/7448,0.0333333333333333,1.05645390070922,0.0559213709524524,0.618530947492847,0.936753187934256,0.807039870557395,LOC111342077,1
GO:0016651,"oxidoreductase activity, acting on NAD(P)H",2/235,66/7448,0.0303030303030303,0.960412637008382,-0.0583053172313834,0.621582634441335,0.936753187934256,0.807039870557395,LOC111322266/LOC111322261,2
GO:1902936,phosphatidylinositol bisphosphate binding,2/235,66/7448,0.0303030303030303,0.960412637008382,-0.0583053172313834,0.621582634441335,0.936753187934256,0.807039870557395,LOC111321894/LOC111333893,2
GO:0046873,metal ion transmembrane transporter activity,5/235,169/7448,0.029585798816568,0.937680976960846,-0.147909057936461,0.621714169373033,0.936753187934256,0.807039870557395,LOC111336828/LOC111330251/LOC111323527/LOC111334900/LOC111326058,5
GO:0001653,peptide receptor activity,1/235,31/7448,0.032258064516129,1.02237474262183,0.0225315670557674,0.630615771884756,0.937552652005655,0.807728631897102,LOC111321593,1
GO:0005544,calcium-dependent phospholipid binding,1/235,31/7448,0.032258064516129,1.02237474262183,0.0225315670557674,0.630615771884756,0.937552652005655,0.807728631897102,LOC111331303,1
GO:0016879,"ligase activity, forming carbon-nitrogen bonds",1/235,31/7448,0.032258064516129,1.02237474262183,0.0225315670557674,0.630615771884756,0.937552652005655,0.807728631897102,LOC111327210,1
GO:0008080,N-acetyltransferase activity,1/235,32/7448,0.03125,0.990425531914894,-0.00979651090819529,0.642319330413417,0.94244233632711,0.811941235870787,LOC111333875,1
GO:0019888,protein phosphatase regulator activity,1/235,32/7448,0.03125,0.990425531914894,-0.00979651090819529,0.642319330413417,0.94244233632711,0.811941235870787,LOC111324410,1
GO:0050661,NADP binding,1/235,32/7448,0.03125,0.990425531914894,-0.00979651090819529,0.642319330413417,0.94244233632711,0.811941235870787,LOC111327626,1
GO:0016278,lysine N-methyltransferase activity,1/235,33/7448,0.0303030303030303,0.960412637008382,-0.041136241368572,0.653653601901126,0.945047998214429,0.814186088687243,LOC111321502,1
GO:0016279,protein-lysine N-methyltransferase activity,1/235,33/7448,0.0303030303030303,0.960412637008382,-0.041136241368572,0.653653601901126,0.945047998214429,0.814186088687243,LOC111321502,1
GO:0051213,dioxygenase activity,1/235,33/7448,0.0303030303030303,0.960412637008382,-0.041136241368572,0.653653601901126,0.945047998214429,0.814186088687243,LOC111326885,1
GO:0005085,guanyl-nucleotide exchange factor activity,4/235,141/7448,0.0283687943262411,0.899109702731251,-0.218301161423063,0.655345784476077,0.945047998214429,0.814186088687243,LOC111332158/LOC111322288/LOC111338817/LOC111327558,4
GO:1990841,promoter-specific chromatin binding,1/235,34/7448,0.0294117647058823,0.932165206508135,-0.0715537364233389,0.664630190377625,0.954340786183256,0.822192093359635,LOC111338776,1
GO:0005164,tumor necrosis factor receptor binding,1/235,35/7448,0.0285714285714286,0.905531914893617,-0.101108758144761,0.675260336757616,0.961387598095589,0.828263124925711,LOC111334113,1
GO:0048029,monosaccharide binding,1/235,35/7448,0.0285714285714286,0.905531914893617,-0.101108758144761,0.675260336757616,0.961387598095589,0.828263124925711,LOC111329016,1
GO:0032813,tumor necrosis factor receptor superfamily binding,1/235,36/7448,0.0277777777777778,0.880378250591016,-0.12985549631902,0.685554930155965,0.967842254337833,0.833823997314862,LOC111334113,1
GO:0035254,glutamate receptor binding,1/235,36/7448,0.0277777777777778,0.880378250591016,-0.12985549631902,0.685554930155965,0.967842254337833,0.833823997314862,LOC111326058,1
GO:0015085,calcium ion transmembrane transporter activity,2/235,75/7448,0.0266666666666667,0.845163120567376,-0.243248161618992,0.690546485211011,0.969693934996666,0.835419273571689,LOC111323527/LOC111326058,2
GO:0016410,N-acyltransferase activity,1/235,37/7448,0.027027027027027,0.856584243818286,-0.157843231835723,0.695524518851776,0.969693934996666,0.835419273571689,LOC111333875,1
GO:0042562,hormone binding,1/235,37/7448,0.027027027027027,0.856584243818286,-0.157843231835723,0.695524518851776,0.969693934996666,0.835419273571689,LOC111336974,1
GO:0016627,"oxidoreductase activity, acting on the CH-CH group of donors",1/235,38/7448,0.0263157894736842,0.834042553191489,-0.185116905174151,0.705179320912204,0.979091949696283,0.843515934105507,LOC111340822,1
GO:0019208,phosphatase regulator activity,1/235,39/7448,0.0256410256410256,0.8126568466994,-0.21171760570341,0.714529234486513,0.987991040277648,0.851182757131432,LOC111324410,1
GO:0030971,receptor tyrosine kinase binding,1/235,40/7448,0.025,0.792340425531915,-0.237682994575865,0.72358384778057,0.993191798865854,0.855663360551723,LOC111336974,1
GO:0005262,calcium channel activity,2/235,80/7448,0.025,0.792340425531915,-0.337045696722239,0.724202353339686,0.993191798865854,0.855663360551723,LOC111337892/LOC111323527,2
GO:0008013,beta-catenin binding,1/235,42/7448,0.0238095238095238,0.754609929078014,-0.28784349513163,0.74084403432317,0.99996049572026,0.861494787979548,LOC111333767,1
GO:0099094,ligand-gated monoatomic cation channel activity,1/235,42/7448,0.0238095238095238,0.754609929078014,-0.28784349513163,0.74084403432317,0.99996049572026,0.861494787979548,LOC111323527,1
GO:0004386,helicase activity,2/235,83/7448,0.0240963855421687,0.763701614970521,-0.390732976794475,0.742880675906916,0.99996049572026,0.861494787979548,LOC111335313/LOC111330060,2
GO:0008238,exopeptidase activity,1/235,43/7448,0.0232558139534884,0.737060860959921,-0.312099860740665,0.7490673197585,0.99996049572026,0.861494787979548,LOC111325560,1
GO:0019904,protein domain specific binding,12/235,444/7448,0.027027027027027,0.856584243818286,-0.562447415449063,0.752580202203084,0.99996049572026,0.861494787979548,LOC111332158/LOC111342023/LOC111335693/LOC111341087/LOC111333901/LOC111331664/LOC111323777/LOC111322311/LOC111328517/LOC111333893/LOC111325851/LOC111326058,12
GO:0015079,potassium ion transmembrane transporter activity,1/235,44/7448,0.0227272727272727,0.720309477756286,-0.335843946786006,0.757030747153065,0.99996049572026,0.861494787979548,LOC111336828,1
GO:0016407,acetyltransferase activity,1/235,44/7448,0.0227272727272727,0.720309477756286,-0.335843946786006,0.757030747153065,0.99996049572026,0.861494787979548,LOC111333875,1
GO:0051087,protein-folding chaperone binding,2/235,88/7448,0.0227272727272727,0.720309477756286,-0.476372651504457,0.771611991020285,0.99996049572026,0.861494787979548,LOC111328120/LOC111344752,2
GO:0008324,monoatomic cation transmembrane transporter activity,6/235,239/7448,0.0251046025104602,0.795655657437906,-0.579549717000828,0.77184421482947,0.99996049572026,0.861494787979548,LOC111336828/LOC111342077/LOC111330251/LOC111323527/LOC111334900/LOC111326058,6
GO:0019842,vitamin binding,1/235,46/7448,0.0217391304347826,0.688991674375578,-0.381894173599712,0.772210481930563,0.99996049572026,0.861494787979548,LOC111345835,1
GO:0008047,enzyme activator activity,6/235,241/7448,0.024896265560166,0.789052705923899,-0.600858018256099,0.778641932715052,0.99996049572026,0.861494787979548,LOC111335366/LOC111327252/LOC111322288/LOC111333478/LOC111327334/LOC111344752,6
GO:0003730,mRNA 3'-UTR binding,1/235,47/7448,0.0212765957446808,0.674332277048438,-0.404245399781718,0.779442383679593,0.99996049572026,0.861494787979548,LOC111320938,1
GO:0004722,protein serine/threonine phosphatase activity,1/235,48/7448,0.0208333333333333,0.660283687943262,-0.426174834864563,0.78644563186704,0.99996049572026,0.861494787979548,LOC111324410,1
GO:0030276,clathrin binding,1/235,48/7448,0.0208333333333333,0.660283687943262,-0.426174834864563,0.78644563186704,0.99996049572026,0.861494787979548,LOC111340596,1
GO:0016491,oxidoreductase activity,11/235,426/7448,0.0258215962441315,0.818379782239536,-0.696795313449181,0.79629727962729,0.99996049572026,0.861494787979548,LOC111336303/LOC111346087/LOC111340822/LOC111333170/LOC111326885/LOC111322400/LOC111322266/LOC111331622/LOC111322261/LOC111328120/LOC111324368,11
GO:0016788,"hydrolase activity, acting on ester bonds",9/235,357/7448,0.0252100840336134,0.798998748435545,-0.702499094782975,0.801493601481884,0.99996049572026,0.861494787979548,LOC111328024/LOC111342023/LOC111335819/LOC111323127/LOC111323777/LOC111345144/LOC111324410/LOC111341498/LOC111331303,9
GO:0008170,N-methyltransferase activity,1/235,51/7448,0.0196078431372549,0.621443471005423,-0.489614940285434,0.806154328359074,0.99996049572026,0.861494787979548,LOC111321502,1
GO:0017124,SH3 domain binding,1/235,51/7448,0.0196078431372549,0.621443471005423,-0.489614940285434,0.806154328359074,0.99996049572026,0.861494787979548,LOC111328517,1
GO:1990782,protein tyrosine kinase binding,1/235,51/7448,0.0196078431372549,0.621443471005423,-0.489614940285434,0.806154328359074,0.99996049572026,0.861494787979548,LOC111336974,1
GO:0005198,structural molecule activity,8/235,324/7448,0.0246913580246914,0.782558444969792,-0.722303529328525,0.809502917381058,0.99996049572026,0.861494787979548,LOC111336303/LOC111320871/LOC111320822/LOC111322400/LOC111321759/LOC111321489/LOC111320751/LOC111321680,8
GO:0022890,inorganic cation transmembrane transporter activity,5/235,215/7448,0.0232558139534884,0.737060860959921,-0.706125468566036,0.814818943227074,0.99996049572026,0.861494787979548,LOC111336828/LOC111330251/LOC111323527/LOC111334900/LOC111326058,5
GO:0022839,monoatomic ion-gated channel activity,2/235,97/7448,0.0206185567010309,0.65347663961395,-0.620028731899779,0.816336669654182,0.99996049572026,0.861494787979548,LOC111343017/LOC111323527,2
GO:0005096,GTPase activator activity,3/235,138/7448,0.0217391304347826,0.688991674375578,-0.665609499972057,0.816571075748935,0.99996049572026,0.861494787979548,LOC111327252/LOC111333478/LOC111335732,3
GO:0008276,protein methyltransferase activity,1/235,53/7448,0.0188679245283019,0.597992773986351,-0.530114089450733,0.818276297225849,0.99996049572026,0.861494787979548,LOC111321502,1
GO:0042826,histone deacetylase binding,1/235,53/7448,0.0188679245283019,0.597992773986351,-0.530114089450733,0.818276297225849,0.99996049572026,0.861494787979548,LOC111333767,1
GO:0022803,passive transmembrane transporter activity,3/235,140/7448,0.0214285714285714,0.679148936170213,-0.691727233094764,0.824107807314672,0.99996049572026,0.861494787979548,LOC111343017/LOC111323527/LOC111331589,3
GO:0022836,gated channel activity,2/235,99/7448,0.0202020202020202,0.640275091338921,-0.650340239428551,0.825150692803114,0.99996049572026,0.861494787979548,LOC111343017/LOC111323527,2
GO:0015267,channel activity,3/235,141/7448,0.0212765957446808,0.674332277048438,-0.704662827674624,0.827776546941598,0.99996049572026,0.861494787979548,LOC111343017/LOC111323527/LOC111331589,3
GO:0016247,channel regulator activity,1/235,57/7448,0.0175438596491228,0.556028368794326,-0.607306164130467,0.84030203414679,0.99996049572026,0.861494787979548,LOC111320952,1
GO:0016747,"acyltransferase activity, transferring groups other than amino-acyl groups",2/235,103/7448,0.0194174757281553,0.615410039248089,-0.709393651516795,0.841650245724237,0.99996049572026,0.861494787979548,LOC111335819/LOC111333875,2
GO:0031490,chromatin DNA binding,1/235,58/7448,0.0172413793103448,0.546441672780631,-0.625880706949018,0.845379699141447,0.99996049572026,0.861494787979548,LOC111331301,1
GO:0050660,flavin adenine dinucleotide binding,1/235,58/7448,0.0172413793103448,0.546441672780631,-0.625880706949018,0.845379699141447,0.99996049572026,0.861494787979548,LOC111327626,1
GO:0009055,electron transfer activity,1/235,59/7448,0.0169491525423729,0.537179949513163,-0.644187034974008,0.85029658286293,0.99996049572026,0.861494787979548,LOC111324368,1
GO:0004672,protein kinase activity,8/235,343/7448,0.0233236151603499,0.739209726443769,-0.892530468729536,0.855264776009628,0.99996049572026,0.861494787979548,LOC111328393/LOC111324192/LOC111323862/LOC111333478/LOC111339275/LOC111321593/LOC111338817/LOC111327558,8
GO:0003714,transcription corepressor activity,2/235,107/7448,0.0186915887850467,0.59240405647246,-0.766497551608905,0.856731208829192,0.99996049572026,0.861494787979548,LOC111326942/LOC111320928,2
GO:0004497,monooxygenase activity,1/235,61/7448,0.0163934426229508,0.519567492152075,-0.680032855018894,0.859668127173,0.99996049572026,0.861494787979548,LOC111332887,1
GO:0101005,deubiquitinase activity,1/235,61/7448,0.0163934426229508,0.519567492152075,-0.680032855018894,0.859668127173,0.99996049572026,0.861494787979548,LOC111330437,1
GO:0008234,cysteine-type peptidase activity,2/235,109/7448,0.018348623853211,0.58153425727113,-0.794367299266177,0.863771343047921,0.99996049572026,0.861494787979548,LOC111333695/LOC111344752,2
GO:0032182,ubiquitin-like protein binding,1/235,65/7448,0.0153846153846154,0.48759410801964,-0.748895120622096,0.876694526881471,0.99996049572026,0.861494787979548,LOC111330877,1
GO:0043130,ubiquitin binding,1/235,65/7448,0.0153846153846154,0.48759410801964,-0.748895120622096,0.876694526881471,0.99996049572026,0.861494787979548,LOC111330877,1
GO:0016746,acyltransferase activity,2/235,113/7448,0.0176991150442478,0.560948973827904,-0.848830157977341,0.876912270734178,0.99996049572026,0.861494787979548,LOC111335819/LOC111333875,2
GO:0060090,molecular adaptor activity,2/235,114/7448,0.0175438596491228,0.556028368794326,-0.862191695290077,0.880010505378053,0.99996049572026,0.861494787979548,LOC111320871/LOC111330877,2
GO:0016614,"oxidoreductase activity, acting on CH-OH group of donors",1/235,66/7448,0.0151515151515152,0.480206318504191,-0.765565908012073,0.880619325226704,0.99996049572026,0.861494787979548,LOC111331622,1
GO:0016616,"oxidoreductase activity, acting on the CH-OH group of donors, NAD or NADP as acceptor",1/235,68/7448,0.0147058823529412,0.466082603254068,-0.798301580689625,0.888099615940143,0.99996049572026,0.861494787979548,LOC111331622,1
GO:0016779,nucleotidyltransferase activity,1/235,68/7448,0.0147058823529412,0.466082603254068,-0.798301580689625,0.888099615940143,0.99996049572026,0.861494787979548,LOC111329762,1
GO:0004540,RNA nuclease activity,1/235,71/7448,0.0140845070422535,0.446388972130656,-0.845981093411672,0.898453868501828,0.99996049572026,0.861494787979548,LOC111335313,1
GO:0016887,ATP hydrolysis activity,6/235,292/7448,0.0205479452054794,0.651238705916642,-1.09736519645619,0.904869234348507,0.99996049572026,0.861494787979548,LOC111331389/LOC111331219/LOC111334900/LOC111326058/LOC111334761/LOC111325968,6
GO:0003727,single-stranded RNA binding,1/235,74/7448,0.0135135135135135,0.428292121909143,-0.892082689189852,0.9078537304937,0.99996049572026,0.861494787979548,LOC111343122,1
GO:0005516,calmodulin binding,1/235,76/7448,0.0131578947368421,0.417021276595745,-0.922005432009781,0.91363369967186,0.99996049572026,0.861494787979548,LOC111326058,1
GO:0016773,"phosphotransferase activity, alcohol group as acceptor",7/235,341/7448,0.0205278592375367,0.650602108941162,-1.19212268703312,0.919327155870472,0.99996049572026,0.861494787979548,LOC111328393/LOC111324192/LOC111323862/LOC111322288/LOC111333478/LOC111339275/LOC111338817,7
GO:0030695,GTPase regulator activity,2/235,131/7448,0.0152671755725191,0.483872015592009,-1.07570495567672,0.922789791143915,0.99996049572026,0.861494787979548,LOC111327252/LOC111333478,2
GO:0003713,transcription coactivator activity,3/235,182/7448,0.0164835164835165,0.522422258592471,-1.17733137150544,0.931002674123942,0.99996049572026,0.861494787979548,LOC111340883/LOC111335313/LOC111336999,3
GO:0016705,"oxidoreductase activity, acting on paired donors, with incorporation or reduction of molecular oxygen",1/235,83/7448,0.0120481927710843,0.38185080748526,-1.02214525953807,0.931163917250797,0.99996049572026,0.861494787979548,LOC111332887,1
GO:0003682,chromatin binding,6/235,314/7448,0.0191082802547771,0.605610516330126,-1.28881398362991,0.936423351315639,0.99996049572026,0.861494787979548,LOC111332739/LOC111333170/LOC111338776/LOC111325851/LOC111331301/LOC111333767,6
GO:0003712,transcription coregulator activity,5/235,274/7448,0.0182481751824818,0.578350675570741,-1.28354957142697,0.938257771596336,0.99996049572026,0.861494787979548,LOC111340883/LOC111335313/LOC111336999/LOC111326942/LOC111320928,5
GO:0042277,peptide binding,2/235,140/7448,0.0142857142857143,0.452765957446808,-1.17978941877966,0.939177117158342,0.99996049572026,0.861494787979548,LOC111326544/LOC111333695,2
GO:0000287,magnesium ion binding,1/235,95/7448,0.0105263157894737,0.333617021276596,-1.17983169009361,0.953367458692838,0.99996049572026,0.861494787979548,LOC111328207,1
GO:0016301,kinase activity,7/235,373/7448,0.0187667560321716,0.594786378415378,-1.4492452041103,0.954545809959249,0.99996049572026,0.861494787979548,LOC111328393/LOC111324192/LOC111323862/LOC111322288/LOC111333478/LOC111339275/LOC111338817,7
GO:0008757,S-adenosylmethionine-dependent methyltransferase activity,1/235,98/7448,0.0102040816326531,0.323404255319149,-1.21692908866633,0.957697748258818,0.99996049572026,0.861494787979548,LOC111321502,1
GO:0043021,ribonucleoprotein complex binding,1/235,100/7448,0.01,0.316936170212766,-1.24120454424579,0.960359724496195,0.99996049572026,0.861494787979548,LOC111327082,1
GO:0019901,protein kinase binding,7/235,393/7448,0.0178117048346056,0.564517351524011,-1.60097762971017,0.968860560844897,0.99996049572026,0.861494787979548,LOC111323862/LOC111336828/LOC111336974/LOC111333478/LOC111331664/LOC111334113/LOC111326058,7
GO:0016741,"transferase activity, transferring one-carbon groups",1/235,110/7448,0.00909090909090909,0.288123791102514,-1.3576211958068,0.971365781978373,0.99996049572026,0.861494787979548,LOC111321502,1
GO:0008168,methyltransferase activity,1/235,111/7448,0.00900900900900901,0.285528081272762,-1.36884424991702,0.972282794956717,0.99996049572026,0.861494787979548,LOC111321502,1
GO:0033218,amide binding,2/235,170/7448,0.0117647058823529,0.372866082603254,-1.49295035524199,0.973117488207907,0.99996049572026,0.861494787979548,LOC111326544/LOC111333695,2
GO:0005216,monoatomic ion channel activity,2/235,172/7448,0.0116279069767442,0.36853043047996,-1.51229649981497,0.974567674288947,0.99996049572026,0.861494787979548,LOC111343017/LOC111323527,2
GO:0005261,monoatomic cation channel activity,1/235,114/7448,0.0087719298245614,0.278014184397163,-1.40209448211709,0.974862041551613,0.99996049572026,0.861494787979548,LOC111323527,1
GO:0016772,"transferase activity, transferring phosphorus-containing groups",8/235,453/7448,0.0176600441501104,0.559710675872434,-1.74525961228755,0.977974304151764,0.99996049572026,0.861494787979548,LOC111328393/LOC111324192/LOC111323862/LOC111322288/LOC111333478/LOC111329762/LOC111339275/LOC111338817,8
GO:0017111,ribonucleoside triphosphate phosphatase activity,6/235,375/7448,0.016,0.507097872340426,-1.76783260530871,0.981185717500332,0.99996049572026,0.861494787979548,LOC111331389/LOC111331219/LOC111334900/LOC111326058/LOC111334761/LOC111325968,6
GO:0019900,kinase binding,7/235,423/7448,0.016548463356974,0.524480659926563,-1.81753108129442,0.982791722997131,0.99996049572026,0.861494787979548,LOC111323862/LOC111336828/LOC111336974/LOC111333478/LOC111331664/LOC111334113/LOC111326058,7
GO:0031267,small GTPase binding,4/235,292/7448,0.0136986301369863,0.434159137277762,-1.78039845595859,0.984500418494877,0.99996049572026,0.861494787979548,LOC111332158/LOC111322288/LOC111338817/LOC111327558,4
GO:0008092,cytoskeletal protein binding,7/235,436/7448,0.0160550458715596,0.508842475112239,-1.90769848595071,0.986810069130721,0.99996049572026,0.861494787979548,LOC111332158/LOC111330205/LOC111340398/LOC111339304/LOC111321894/LOC111325968/LOC111322259,7
GO:0016462,pyrophosphatase activity,6/235,395/7448,0.0151898734177215,0.481422030702936,-1.91157926290673,0.987725945569585,0.99996049572026,0.861494787979548,LOC111331389/LOC111331219/LOC111334900/LOC111326058/LOC111334761/LOC111325968,6
GO:0016817,"hydrolase activity, acting on acid anhydrides",6/235,395/7448,0.0151898734177215,0.481422030702936,-1.91157926290673,0.987725945569585,0.99996049572026,0.861494787979548,LOC111331389/LOC111331219/LOC111334900/LOC111326058/LOC111334761/LOC111325968,6
GO:0016818,"hydrolase activity, acting on acid anhydrides, in phosphorus-containing anhydrides",6/235,396/7448,0.0151515151515152,0.480206318504191,-1.91862049392073,0.987989206930601,0.99996049572026,0.861494787979548,LOC111331389/LOC111331219/LOC111334900/LOC111326058/LOC111334761/LOC111325968,6
GO:0051020,GTPase binding,4/235,322/7448,0.0124223602484472,0.393709528214616,-2.00748547609439,0.992518478405928,0.99996049572026,0.861494787979548,LOC111332158/LOC111322288/LOC111338817/LOC111327558,4
GO:0032559,adenyl ribonucleotide binding,2/235,221/7448,0.00904977375565611,0.286820063540965,-1.94259769161065,0.99367031854482,0.99996049572026,0.861494787979548,LOC111334900/LOC111326058,2
GO:0030554,adenyl nucleotide binding,2/235,225/7448,0.00888888888888889,0.281721040189125,-1.97465958955062,0.994363159967107,0.99996049572026,0.861494787979548,LOC111334900/LOC111326058,2
GO:0008017,microtubule binding,1/235,163/7448,0.00613496932515337,0.194439368228691,-1.87691195233236,0.994930424337487,0.99996049572026,0.861494787979548,LOC111339304,1
GO:0003729,mRNA binding,2/235,231/7448,0.00865800865800866,0.274403610573823,-2.02203836907715,0.99526567548802,0.99996049572026,0.861494787979548,LOC111343122/LOC111320938,2
GO:0015631,tubulin binding,1/235,167/7448,0.00598802395209581,0.189782137851956,-1.9113101911029,0.995553708560062,0.99996049572026,0.861494787979548,LOC111339304,1
GO:0061630,ubiquitin protein ligase activity,1/235,184/7448,0.00543478260869565,0.172247918593895,-2.05204989910657,0.997456075101654,0.99996049572026,0.861494787979548,LOC111338573,1
GO:0004842,ubiquitin-protein transferase activity,2/235,287/7448,0.00696864111498258,0.22086144265698,-2.4296037562302,0.999099070263524,0.99996049572026,0.861494787979548,LOC111330113/LOC111334113,2
GO:0035639,purine ribonucleoside triphosphate binding,2/235,289/7448,0.0069204152249135,0.21933298976662,-2.4431785638305,0.999151686811944,0.99996049572026,0.861494787979548,LOC111334900/LOC111326058,2
GO:0031625,ubiquitin protein ligase binding,1/235,218/7448,0.00458715596330275,0.145383564317783,-2.31151640964636,0.999170566691058,0.99996049572026,0.861494787979548,LOC111334113,1
GO:0044389,ubiquitin-like protein ligase binding,1/235,223/7448,0.00448430493273543,0.142123843144738,-2.3476034837744,0.999296914095955,0.99996049572026,0.861494787979548,LOC111334113,1
GO:0008134,transcription factor binding,3/235,394/7448,0.00761421319796954,0.241321957014796,-2.79289456231466,0.999756120116043,0.99996049572026,0.861494787979548,LOC111338776/LOC111336999/LOC111326942,3
GO:0032555,purine ribonucleotide binding,2/235,331/7448,0.00604229607250755,0.191502217651218,-2.71588257662818,0.999763298356985,0.99996049572026,0.861494787979548,LOC111334900/LOC111326058,2
GO:0019787,ubiquitin-like protein transferase activity,1/235,256/7448,0.00390625,0.123803191489362,-2.57491829060809,0.999764475650866,0.99996049572026,0.861494787979548,LOC111334113,1
GO:0032553,ribonucleotide binding,2/235,338/7448,0.00591715976331361,0.187536195392169,-2.75927009404103,0.999809082827539,0.99996049572026,0.861494787979548,LOC111334900/LOC111326058,2
GO:0017076,purine nucleotide binding,2/235,339/7448,0.00589970501474926,0.186982991275968,-2.7654248768629,0.999814865582954,0.99996049572026,0.861494787979548,LOC111334900/LOC111326058,2
GO:0000166,nucleotide binding,3/235,456/7448,0.00657894736842105,0.208510638297872,-3.14842560304389,0.99996049572026,0.99996049572026,0.861494787979548,LOC111340822/LOC111334900/LOC111326058,3
