,baseMean,log2FoldChange,lfcSE,stat,pvalue,padj,Expression,NCBI.GeneID,Symbol,Description,Gene.Type,Annotation.Genomic.Range.Accession,SwissProt.Accessions
1,2797.146277,3.561012329,0.357350621,9.96503748,2.17E-23,2.15E-19,Fluorescent,111327082,LOC111327082,major yolk protein-like,PROTEIN_CODING,NW_019217877.1,
2,60.77066318,3.581400096,0.386295248,9.271147164,1.84E-20,9.11E-17,Fluorescent,111341563,LOC111341563,uncharacterized LOC111341563,PROTEIN_CODING,NW_019218292.1,
3,139.4983739,3.108556795,0.381667734,8.144667511,3.80E-16,1.25E-12,Fluorescent,111345835,LOC111345835,riboflavin-binding protein-like,PROTEIN_CODING,NW_019217801.1,
4,145.0670125,-1.650112106,0.203939538,-8.091182926,5.91E-16,1.35E-12,Non-fluorescent,111324201,LOC111324201,coadhesin-like,PROTEIN_CODING,NW_019217841.1,
5,132.0193523,-1.959446303,0.242697946,-8.073600687,6.83E-16,1.35E-12,Non-fluorescent,111327226,LOC111327226,uncharacterized LOC111327226,PROTEIN_CODING,NW_019217880.1,
6,67.73898991,3.164218001,0.394485746,8.021121259,1.05E-15,1.73E-12,Fluorescent,111327809,LOC111327809,neurogenic locus notch homolog protein 3-like,PROTEIN_CODING,NW_019217788.1,
7,141.2692371,2.659288391,0.365600386,7.273757058,3.50E-13,4.94E-10,Fluorescent,111328748,LOC111328748,complement C3-like,PROTEIN_CODING,NW_019217905.1,
8,21.14184421,3.479955278,0.49739046,6.996425459,2.63E-12,2.91E-09,Fluorescent,111327880,LOC111327880,bone morphogenetic protein 1-like,PROTEIN_CODING,NW_019217891.1,
9,175.7956248,2.330204148,0.333809283,6.980645139,2.94E-12,2.91E-09,Fluorescent,111328024,LOC111328024,extracellular sulfatase Sulf-1-like,PROTEIN_CODING,NW_019217893.1,
10,36.63093573,2.990621927,0.427938781,6.988433993,2.78E-12,2.91E-09,Fluorescent,111334416,LOC111334416,kielin/chordin-like protein,PROTEIN_CODING,NW_019218027.1,
11,39.48417557,2.631498217,0.38218694,6.885369277,5.76E-12,5.19E-09,Fluorescent,111343122,LOC111343122,APOBEC1 complementation factor-like,PROTEIN_CODING,NW_019218395.1,
12,29.10316625,3.097070222,0.455687184,6.796483049,1.07E-11,8.16E-09,Fluorescent,111328393,LOC111328393,epithelial discoidin domain-containing receptor 1-like,PROTEIN_CODING,NW_019217899.1,
13,18.30980335,4.701364936,0.69060701,6.80758357,9.93E-12,8.16E-09,Fluorescent,111346784,LOC111346784,GFP-like fluorescent chromoprotein amFP486,PROTEIN_CODING,NW_019218957.1,
14,79.89063897,2.500562134,0.370637701,6.746648072,1.51E-11,1.07E-08,Fluorescent,111329237,LOC111329237,uncharacterized LOC111329237,PROTEIN_CODING,NW_019217913.1,
15,369.8202465,2.337677342,0.352969763,6.622882711,3.52E-11,2.32E-08,Fluorescent,111343452,LOC111343452,proprotein convertase subtilisin/kexin type 5-like,PROTEIN_CODING,NW_019218423.1,
16,18.94142489,3.245946063,0.514428187,6.309813774,2.79E-10,1.73E-07,Fluorescent,111320817,LOC111320817,collagen alpha-1(I) chain-like,PROTEIN_CODING,NW_019217806.1,
17,59.87370836,2.551057418,0.407134671,6.265881047,3.71E-10,2.16E-07,Fluorescent,111336303,LOC111336303,peroxidasin-like,PROTEIN_CODING,NW_019218082.1,
18,14.46857492,2.960750543,0.47513386,6.231402966,4.62E-10,2.37E-07,Fluorescent,111330631,LOC111330631,homeobox protein SIX6-like,PROTEIN_CODING,NW_019217939.1,
19,144.5803977,2.307749055,0.370663572,6.225993676,4.79E-10,2.37E-07,Fluorescent,111332158,LOC111332158,neural cell adhesion molecule 2-like,PROTEIN_CODING,NW_019217970.1,
20,24.32197049,2.251194716,0.36120212,6.232506925,4.59E-10,2.37E-07,Fluorescent,111344278,LOC111344278,uncharacterized LOC111344278,PROTEIN_CODING,NW_019218501.1,
21,3664.087142,2.106701576,0.340216757,6.192233427,5.93E-10,2.80E-07,Fluorescent,111332373,LOC111332373,trichohyalin-like,PROTEIN_CODING,NW_019217976.1,
22,78.7962534,2.043817153,0.330653751,6.181140075,6.36E-10,2.86E-07,Fluorescent,111324192,LOC111324192,angiopoietin-1 receptor-like,PROTEIN_CODING,NW_019217841.1,
23,59.63783307,1.913888975,0.312682573,6.120868697,9.31E-10,4.00E-07,Fluorescent,111330205,LOC111330205,supervillin-like,PROTEIN_CODING,NW_019217931.1,
24,62.12084116,1.873473223,0.307944722,6.083797162,1.17E-09,4.84E-07,Fluorescent,111325642,LOC111325642,inhibin beta B chain-like,PROTEIN_CODING,NW_019217858.1,
25,51.195462,2.074187991,0.34191023,6.06646953,1.31E-09,5.12E-07,Fluorescent,111324979,LOC111324979,putative diacyglycerol O-acyltransferase Mb2306,PROTEIN_CODING,NW_019217849.1,
26,57.84434991,1.941224051,0.320234305,6.061886626,1.35E-09,5.12E-07,Fluorescent,111329099,LOC111329099,neurogenic locus notch homolog protein 1-like,PROTEIN_CODING,NW_019217911.1,
27,171.654725,1.852360745,0.307919133,6.015737718,1.79E-09,6.56E-07,Fluorescent,111320871,LOC111320871,collagen alpha chain-like,PROTEIN_CODING,NW_019217806.1,
28,18.59372434,2.965892369,0.50406649,5.88393084,4.01E-09,1.42E-06,Fluorescent,111328830,LOC111328830,uncharacterized LOC111328830,PROTEIN_CODING,NW_019217906.1,
29,41.4400646,2.23008916,0.382617428,5.828509091,5.59E-09,1.91E-06,Fluorescent,111323911,LOC111323911,uncharacterized LOC111323911,PROTEIN_CODING,NW_019217837.1,
30,59.93774848,1.965475568,0.340568959,5.771152997,7.87E-09,2.60E-06,Fluorescent,111327333,LOC111327333,fibrillin-1-like,PROTEIN_CODING,NW_019217882.1,
31,35.37203808,2.373656606,0.411886593,5.76288874,8.27E-09,2.64E-06,Fluorescent,111329191,LOC111329191,uncharacterized LOC111329191,PROTEIN_CODING,NW_019217913.1,
32,33.22220994,2.223558707,0.388153472,5.728555501,1.01E-08,3.13E-06,Fluorescent,111345232,LOC111345232,CUB and sushi domain-containing protein 3-like,PROTEIN_CODING,NW_019218625.1,
33,29.19275219,2.199745324,0.386519092,5.691168612,1.26E-08,3.67E-06,Fluorescent,111339967,LOC111339967,uncharacterized LOC111339967,PROTEIN_CODING,NW_019217796.1,
34,35.47836552,2.232358508,0.392025202,5.694426016,1.24E-08,3.67E-06,Fluorescent,111341580,LOC111341580,mucin-2-like,PROTEIN_CODING,NW_019218293.1,
35,14.85673898,2.499139973,0.443505746,5.634966395,1.75E-08,4.95E-06,Fluorescent,111338999,LOC111338999,linear gramicidin synthase subunit D-like,PROTEIN_CODING,NW_019218174.1,
36,529.7468446,1.534135669,0.273958328,5.599886955,2.14E-08,5.90E-06,Fluorescent,111337124,LOC111337124,failed axon connections homolog,PROTEIN_CODING,NW_019218108.1,
37,20.42291126,2.649771883,0.475674547,5.570556386,2.54E-08,6.79E-06,Fluorescent,111323862,LOC111323862,inactive tyrosine-protein kinase transmembrane receptor ROR1-like,PROTEIN_CODING,NW_019217837.1,
38,52.26783384,2.230764859,0.401221257,5.559936867,2.70E-08,7.03E-06,Fluorescent,111340560,LOC111340560,uncharacterized skeletal organic matrix protein 7-like,PROTEIN_CODING,NW_019217796.1,
39,11.50819374,4.160349954,0.748899466,5.55528498,2.77E-08,7.03E-06,Fluorescent,111344518,LOC111344518,GFP-like fluorescent chromoprotein amFP486,PROTEIN_CODING,NW_019218533.1,
40,12.93312813,2.840770386,0.515188628,5.514039388,3.51E-08,8.68E-06,Fluorescent,111320024,LOC111320024,MAM and LDL-receptor class A domain-containing protein 1-like,PROTEIN_CODING,NW_019220776.1,
41,21.73034452,2.555086689,0.464366934,5.502301099,3.75E-08,9.05E-06,Fluorescent,111325264,LOC111325264,endothelin-converting enzyme homolog,PROTEIN_CODING,NW_019217853.1,
42,54.65619839,1.762573166,0.323233007,5.452949199,4.95E-08,1.17E-05,Fluorescent,111346087,LOC111346087,fatty acyl-CoA reductase 1-like,PROTEIN_CODING,NW_019218768.1,
43,55.50107676,1.72567084,0.316842623,5.446460537,5.14E-08,1.18E-05,Fluorescent,111340822,LOC111340822,biliverdin reductase A-like,PROTEIN_CODING,NW_019218255.1,
44,150.2057563,-1.501805266,0.276886102,-5.423909882,5.83E-08,1.25E-05,Non-fluorescent,111346562,LOC111346562,uncharacterized LOC111346562,PROTEIN_CODING,NW_019217784.1,
45,33.27452705,3.935695731,0.72562666,5.423857676,5.83E-08,1.25E-05,Fluorescent,111340635,LOC111340635,angiopoietin-related protein 7-like,PROTEIN_CODING,NW_019217796.1,
46,22.5632777,2.467049133,0.454630707,5.426490319,5.75E-08,1.25E-05,Fluorescent,111334934,LOC111334934,transforming growth factor-beta-induced protein ig-h3-like,PROTEIN_CODING,NW_019218042.1,
47,14.08746997,-2.48605417,0.462853584,-5.371145992,7.82E-08,1.62E-05,Non-fluorescent,111323092,LOC111323092,palmitoyltransferase AKR1-like,PROTEIN_CODING,NW_019217828.1,
48,13.96137833,2.829985804,0.526982393,5.370171451,7.87E-08,1.62E-05,Fluorescent,111338219,LOC111338219,MAM and LDL-receptor class A domain-containing protein 1-like,PROTEIN_CODING,NW_019218144.1,
49,25.80903572,2.47025753,0.461537176,5.35223956,8.69E-08,1.72E-05,Fluorescent,111345167,LOC111345167,uncharacterized LOC111345167,ncRNA,NW_019218613.1,
50,19.08560819,2.370314434,0.446548301,5.308080738,1.11E-07,2.15E-05,Fluorescent,111333735,LOC111333735,hemicentin-1-like,PROTEIN_CODING,NW_019218010.1,
51,8.522293477,4.356076587,0.82379521,5.287814902,1.24E-07,2.27E-05,Fluorescent,111328831,LOC111328831,uncharacterized LOC111328831,PROTEIN_CODING,NW_019217906.1,
52,10.28679445,3.10113721,0.58618561,5.290367346,1.22E-07,2.27E-05,Fluorescent,111330856,LOC111330856,cysteine-rich motor neuron 1 protein-like,PROTEIN_CODING,NW_019217944.1,
53,15.60755723,2.797034379,0.528901675,5.288382532,1.23E-07,2.27E-05,Fluorescent,111335460,LOC111335460,uncharacterized LOC111335460,PROTEIN_CODING,NW_019218056.1,
54,145.5670927,-1.016738046,0.192755071,-5.274766793,1.33E-07,2.39E-05,Non-fluorescent,111336828,LOC111336828,solute carrier family 12 member 1-like,PROTEIN_CODING,NW_019218098.1,
55,9.572118813,3.297526698,0.626919581,5.259887869,1.44E-07,2.55E-05,Fluorescent,111319860,LOC111319860,low-density lipoprotein receptor-related protein 6-like,PROTEIN_CODING,NW_019217803.1,
56,11.79084731,2.8768028,0.547812712,5.251434911,1.51E-07,2.62E-05,Fluorescent,111332739,LOC111332739,"sushi, von Willebrand factor type A, EGF and pentraxin domain-containing protein 1-like",PROTEIN_CODING,NW_019217791.1,
57,46.88450892,1.916923839,0.368206047,5.206117214,1.93E-07,3.29E-05,Fluorescent,111343259,LOC111343259,piggyBac transposable element-derived protein 4-like,PROTEIN_CODING,NW_019218407.1,
58,41.84615073,2.182163826,0.420029067,5.195268602,2.04E-07,3.43E-05,Fluorescent,111337461,LOC111337461,glutamic acid-rich protein-like,PROTEIN_CODING,NW_019218118.1,
59,31.20042014,1.949020793,0.37901542,5.142325858,2.71E-07,4.48E-05,Fluorescent,111334459,LOC111334459,vacuolar protein sorting-associated protein 13D-like,PROTEIN_CODING,NW_019218028.1,
60,61.90793538,-1.304691592,0.254706254,-5.122338262,3.02E-07,4.90E-05,Non-fluorescent,111328662,LOC111328662,nucleolin-like,PROTEIN_CODING,NW_019217903.1,
61,119.0834675,1.651875491,0.323666292,5.103637702,3.33E-07,5.32E-05,Fluorescent,111342023,LOC111342023,receptor-type tyrosine-protein phosphatase epsilon-like,PROTEIN_CODING,NW_019218319.1,
62,58.62400203,3.11519564,0.611620498,5.093347343,3.52E-07,5.53E-05,Fluorescent,111346891,LOC111346891,heme-binding protein 2-like,PROTEIN_CODING,NW_019218988.1,
63,75.58902546,3.06927329,0.604068455,5.081002436,3.75E-07,5.81E-05,Fluorescent,111324621,LOC111324621,neuronal pentraxin-1-like,PROTEIN_CODING,NW_019217845.1,
64,45.55097927,2.055749771,0.405627991,5.068066837,4.02E-07,6.12E-05,Fluorescent,111320781,LOC111320781,collagen alpha-1(VII) chain-like,PROTEIN_CODING,NW_019217805.1,
65,27.95753629,2.132269013,0.421630641,5.057196528,4.25E-07,6.38E-05,Fluorescent,111340872,LOC111340872,gastric triacylglycerol lipase-like,PROTEIN_CODING,NW_019218257.1,
66,69.40940904,1.800733295,0.356898917,5.045499466,4.52E-07,6.68E-05,Fluorescent,111327303,LOC111327303,temperature-induced lipocalin-1-like,PROTEIN_CODING,NW_019217881.1,
67,13.38963626,2.519328757,0.500134394,5.037303551,4.72E-07,6.87E-05,Fluorescent,111332732,LOC111332732,CUB and sushi domain-containing protein 1-like,PROTEIN_CODING,NW_019217791.1,
68,67.34812694,1.98675317,0.394630341,5.034466344,4.79E-07,6.87E-05,Fluorescent,111318839,LOC111318839,uncharacterized LOC111318839,PROTEIN_CODING,NW_019219378.1,
69,8.306905323,4.326731957,0.860990166,5.025297768,5.03E-07,7.11E-05,Fluorescent,111320816,LOC111320816,collagen alpha-1(I) chain-like,PROTEIN_CODING,NW_019217806.1,
70,227.8928212,1.315070057,0.262232704,5.014897213,5.31E-07,7.40E-05,Fluorescent,111340887,LOC111340887,apoptosis regulator R1-like,PROTEIN_CODING,NW_019218258.1,
71,17.3325793,2.415820714,0.483125703,5.000397819,5.72E-07,7.86E-05,Fluorescent,111337480,LOC111337480,uncharacterized LOC111337480,PROTEIN_CODING,NW_019218119.1,
72,24.32737776,2.194841075,0.440813167,4.979073311,6.39E-07,8.66E-05,Fluorescent,111320952,LOC111320952,trypsin-like,PROTEIN_CODING,NW_019217807.1,
73,109.3678144,1.891527126,0.382708096,4.942480035,7.71E-07,0.000103152,Fluorescent,111333986,LOC111333986,zinc metalloproteinase nas-4-like,PROTEIN_CODING,NW_019218016.1,
74,193.647938,-1.445078411,0.293608896,-4.921780063,8.58E-07,0.000113158,Non-fluorescent,111335366,LOC111335366,SH3 and PX domain-containing protein 2A-like,PROTEIN_CODING,NW_019218054.1,
75,68.91914007,1.60393374,0.330233395,4.856970144,1.19E-06,0.000153139,Fluorescent,111324935,LOC111324935,matrix metalloproteinase-25-like,PROTEIN_CODING,NW_019217849.1,
76,26.53107406,3.276937177,0.675385105,4.851953576,1.22E-06,0.000153139,Fluorescent,111327418,LOC111327418,probable indole-3-acetic acid-amido synthetase GH3.9,PROTEIN_CODING,NW_019217883.1,
77,10.86653243,2.780326311,0.572771752,4.854161018,1.21E-06,0.000153139,Fluorescent,111338211,LOC111338211,MAM and LDL-receptor class A domain-containing protein 1-like,PROTEIN_CODING,NW_019218144.1,
78,11.48360401,2.385529921,0.493039917,4.838411329,1.31E-06,0.0001619,Fluorescent,111343638,LOC111343638,collagen alpha-2(IX) chain-like,PROTEIN_CODING,NW_019218438.1,
79,22.17339063,1.924159901,0.3985018,4.828484839,1.38E-06,0.00016808,Fluorescent,111324504,LOC111324504,uncharacterized LOC111324504,PROTEIN_CODING,NW_019217787.1,
80,120.7474262,1.831893057,0.380206953,4.818147184,1.45E-06,0.000174867,Fluorescent,111320821,LOC111320821,collagen alpha-1(I) chain-like,PROTEIN_CODING,NW_019217806.1,
81,36.2557428,1.991004926,0.414623925,4.801953783,1.57E-06,0.000187338,Fluorescent,111332308,LOC111332308,collagen alpha-1(I) chain-like,PROTEIN_CODING,NW_019217974.1,
82,43.88764399,2.025710878,0.422229539,4.797653145,1.61E-06,0.000189126,Fluorescent,111327252,LOC111327252,alpha-2-macroglobulin-like,PROTEIN_CODING,NW_019217880.1,
83,4.425881868,4.963813402,1.039437816,4.775478941,1.79E-06,0.000208724,Fluorescent,111342654,LOC111342654,adenosine receptor A3-like,PROTEIN_CODING,NW_019218360.1,
84,29.72074882,1.980639854,0.415214755,4.770157688,1.84E-06,0.000211822,Fluorescent,111343017,LOC111343017,glycine receptor subunit alphaZ1-like,PROTEIN_CODING,NW_019218386.1,
85,48.62340354,1.950414005,0.410139272,4.755491943,1.98E-06,0.000220683,Fluorescent,111320822,LOC111320822,collagen alpha-1(I) chain-like,PROTEIN_CODING,NW_019217806.1,
86,139.8470911,-1.299433725,0.273292367,-4.75473845,1.99E-06,0.000220683,Non-fluorescent,111325783,LOC111325783,A disintegrin and metalloproteinase with thrombospondin motifs adt-1-like,PROTEIN_CODING,NW_019217860.1,
87,41.90606523,-1.605201448,0.337664028,-4.753842034,2.00E-06,0.000220683,Non-fluorescent,111328602,LOC111328602,fork head domain-containing protein FD5-like,PROTEIN_CODING,NW_019217902.1,
88,35.69116879,1.969555177,0.414406196,4.752716531,2.01E-06,0.000220683,Fluorescent,111340194,LOC111340194,lysosomal acid lipase/cholesteryl ester hydrolase-like,PROTEIN_CODING,NW_019218224.1,
89,20.50390342,1.988827569,0.418897101,4.747771147,2.06E-06,0.00022149,Fluorescent,111321843,LOC111321843,hemicentin-1-like,PROTEIN_CODING,NW_019217785.1,
90,180.9432598,1.378467007,0.290354342,4.747533641,2.06E-06,0.00022149,Fluorescent,111340891,LOC111340891,collagen alpha-1(I) chain-like,PROTEIN_CODING,NW_019217797.1,
91,8.612194141,3.288197296,0.69340656,4.742091417,2.12E-06,0.000225079,Fluorescent,111331324,LOC111331324,fibulin-1-like,PROTEIN_CODING,NW_019217953.1,
92,16.95848478,2.137213359,0.452680536,4.721239786,2.34E-06,0.00024678,Fluorescent,111335819,LOC111335819,group XV phospholipase A2-like,PROTEIN_CODING,NW_019218067.1,
93,88.75940456,-1.404705524,0.298080545,-4.712503206,2.45E-06,0.000254892,Non-fluorescent,111328433,LOC111328433,filamin-A-like,PROTEIN_CODING,NW_019217900.1,
94,19.2367803,2.382964753,0.506652655,4.703349975,2.56E-06,0.000263818,Fluorescent,111322288,LOC111322288,uncharacterized LOC111322288,PROTEIN_CODING,NW_019217820.1,
95,7.15596944,4.05119648,0.862137758,4.699012939,2.61E-06,0.000266424,Fluorescent,111323945,LOC111323945,orexin receptor type 1-like,PROTEIN_CODING,NW_019217837.1,
96,621.6154649,1.529000838,0.325517958,4.697132058,2.64E-06,0.000266424,Fluorescent,111345786,LOC111345786,uncharacterized LOC111345786,PROTEIN_CODING,NW_019218706.1,
97,52.9986906,1.295940204,0.276634311,4.684669089,2.80E-06,0.000280299,Fluorescent,111324993,LOC111324993,72 kDa type IV collagenase-like,PROTEIN_CODING,NW_019217849.1,
98,36.70033427,1.796587093,0.386441832,4.649049212,3.33E-06,0.000330001,Fluorescent,111330854,LOC111330854,uncharacterized LOC111330854,PROTEIN_CODING,NW_019217944.1,
99,173.1468303,-1.316044081,0.283314868,-4.645164189,3.40E-06,0.000332943,Non-fluorescent,111324008,LOC111324008,uncharacterized LOC111324008,PROTEIN_CODING,NW_019217838.1,
100,60.53001824,-1.078631909,0.232732064,-4.634651066,3.58E-06,0.000346884,Non-fluorescent,111336974,LOC111336974,low-density lipoprotein receptor-related protein 8-like,PROTEIN_CODING,NW_019218103.1,
101,578.0080988,2.588760585,0.558983767,4.631190993,3.64E-06,0.000349308,Fluorescent,111330066,LOC111330066,uncharacterized LOC111330066,PROTEIN_CODING,NW_019217928.1,
102,13.90466971,2.371049663,0.515646212,4.598210181,4.26E-06,0.000405485,Fluorescent,111328749,LOC111328749,cobra venom factor-like,PROTEIN_CODING,NW_019217905.1,
103,28.51065031,1.855823901,0.404272988,4.590521639,4.42E-06,0.000416706,Fluorescent,111332789,LOC111332789,uncharacterized LOC111332789,PROTEIN_CODING,NW_019217986.1,
104,25.59642424,1.977513168,0.431710595,4.580645444,4.64E-06,0.000432757,Fluorescent,111336934,LOC111336934,latent-transforming growth factor beta-binding protein 3-like,PROTEIN_CODING,NW_019218102.1,
105,11.87904871,-2.075733001,0.454286806,-4.56921261,4.90E-06,0.000452774,Non-fluorescent,111333170,LOC111333170,uncharacterized LOC111333170,PROTEIN_CODING,NW_019217996.1,
106,59.40476212,1.303310254,0.286270162,4.552728255,5.30E-06,0.000485222,Fluorescent,111335693,LOC111335693,integrin alpha-9-like,PROTEIN_CODING,NW_019218062.1,
107,12.53346537,2.003902018,0.441547483,4.53836132,5.67E-06,0.000514711,Fluorescent,111343440,LOC111343440,methyltransferase-like protein 25,PROTEIN_CODING,NW_019218423.1,
108,117.5240894,-1.239330801,0.273495986,-4.531440555,5.86E-06,0.000527032,Non-fluorescent,111343618,LOC111343618,uncharacterized LOC111343618,PROTEIN_CODING,NW_019218437.1,
109,67.7472766,-1.204703133,0.267768141,-4.499053282,6.83E-06,0.00060853,Non-fluorescent,111338572,LOC111338572,uncharacterized LOC111338572,PROTEIN_CODING,NW_019218157.1,
110,65.84905059,1.49611395,0.332907316,4.494085527,6.99E-06,0.000611884,Fluorescent,111330589,LOC111330589,monocarboxylate transporter 10-like,PROTEIN_CODING,NW_019217938.1,
111,17.82957417,2.404400291,0.536878493,4.478481302,7.52E-06,0.00065258,Fluorescent,111335314,LOC111335314,uncharacterized LOC111335314,PROTEIN_CODING,NW_019218052.1,
112,9.88924786,2.462681394,0.55451499,4.441144857,8.95E-06,0.000770008,Fluorescent,111323023,LOC111323023,uncharacterized LOC111323023,PROTEIN_CODING,NW_019217827.1,
113,2545.66259,2.282757648,0.514610566,4.435893469,9.17E-06,0.000782221,Fluorescent,111325671,LOC111325671,uncharacterized LOC111325671,PROTEIN_CODING,NW_019217858.1,
114,29.63981981,-1.246986556,0.281914675,-4.423276499,9.72E-06,0.000822258,Non-fluorescent,111326885,LOC111326885,allene oxide synthase-lipoxygenase protein-like,PROTEIN_CODING,NW_019217875.1,
115,635.7009647,2.437091197,0.553341728,4.404314861,1.06E-05,0.000889958,Fluorescent,111337489,LOC111337489,uncharacterized LOC111337489,PROTEIN_CODING,NW_019218119.1,
116,7.221550872,2.987567036,0.679835195,4.394546,1.11E-05,0.00092311,Fluorescent,111335321,LOC111335321,lactadherin-like,PROTEIN_CODING,NW_019218052.1,
117,8.75936765,2.648603483,0.604781136,4.379441297,1.19E-05,0.000981221,Fluorescent,111343161,LOC111343161,uncharacterized LOC111343161,PROTEIN_CODING,NW_019218398.1,
118,48.72508113,-1.507615173,0.345718628,-4.360815559,1.30E-05,0.00105976,Non-fluorescent,111322400,LOC111322400,peroxidasin homolog,PROTEIN_CODING,NW_019217821.1,
119,85.63764044,2.58431981,0.59336223,4.355383068,1.33E-05,0.001077483,Fluorescent,111326602,LOC111326602,transmembrane protein 205-like,PROTEIN_CODING,NW_019217871.1,
120,6.917230008,2.636761041,0.607291274,4.341839172,1.41E-05,0.001127625,Fluorescent,111327625,LOC111327625,tissue inhibitor of metalloproteinase-like,PROTEIN_CODING,NW_019217887.1,
121,45.31566353,-1.057405034,0.244104149,-4.331778219,1.48E-05,0.001170973,Non-fluorescent,111331389,LOC111331389,"dynein heavy chain 1, axonemal-like",PROTEIN_CODING,NW_019217954.1,
122,5.325011571,4.088692759,0.944317433,4.329786378,1.49E-05,0.001172237,Fluorescent,111341087,LOC111341087,homeobox protein Hox-B4a-like,PROTEIN_CODING,NW_019217797.1,
123,20.74784579,-1.427656412,0.331563549,-4.305830413,1.66E-05,0.001296302,Non-fluorescent,111325186,LOC111325186,gamma-aminobutyric acid type B receptor subunit 2-like,PROTEIN_CODING,NW_019217852.1,
124,15.85544465,2.180988275,0.506941496,4.302248468,1.69E-05,0.001297017,Fluorescent,111320820,LOC111320820,collagen alpha-1(I) chain-like,PROTEIN_CODING,NW_019217806.1,
125,28.17943321,-1.451894867,0.337442708,-4.302641102,1.69E-05,0.001297017,Non-fluorescent,111323999,LOC111323999,uncharacterized LOC111323999,PROTEIN_CODING,NW_019217838.1,
126,13.15287411,1.688379781,0.393294279,4.292917212,1.76E-05,0.00134236,Fluorescent,111346802,LOC111346802,uncharacterized LOC111346802,PROTEIN_CODING,NW_019218962.1,
127,16.34536645,1.972292855,0.459917846,4.288359043,1.80E-05,0.00135974,Fluorescent,111322266,LOC111322266,gamma-interferon-inducible lysosomal thiol reductase-like,PROTEIN_CODING,NW_019217819.1,
128,7.817345932,2.596773074,0.607892012,4.271767063,1.94E-05,0.001453888,Fluorescent,111326654,LOC111326654,homeobox protein GBX-2-like,PROTEIN_CODING,NW_019217872.1,
129,13.30092566,1.885112705,0.443051268,4.254841008,2.09E-05,0.001556556,Fluorescent,111333478,LOC111333478,coagulation factor V-like,PROTEIN_CODING,NW_019218004.1,
130,89.14018233,-1.068873938,0.252424513,-4.234430031,2.29E-05,0.001692158,Non-fluorescent,111331440,LOC111331440,uncharacterized LOC111331440,PROTEIN_CODING,NW_019217955.1,
131,8.520845906,2.482254815,0.589653436,4.209684308,2.56E-05,0.001860796,Fluorescent,111333901,LOC111333901,leucine-rich repeats and immunoglobulin-like domains protein 1,PROTEIN_CODING,NW_019218015.1,
132,3.264047352,4.507497939,1.071960578,4.204910171,2.61E-05,0.001886639,Fluorescent,111336458,LOC111336458,heat shock 70 kDa protein 12A-like,PROTEIN_CODING,NW_019217793.1,
133,11.59777082,2.372745635,0.565654946,4.194687329,2.73E-05,0.001959467,Fluorescent,111323897,LOC111323897,flocculation protein FLO11-like,PROTEIN_CODING,NW_019217837.1,
134,63.92174228,1.479977724,0.354269097,4.177552425,2.95E-05,0.002039149,Fluorescent,111326934,LOC111326934,CSC1-like protein ERD4,PROTEIN_CODING,NW_019217788.1,
135,8.887461586,2.231487803,0.533817606,4.180243924,2.91E-05,0.002039149,Fluorescent,111320842,LOC111320842,collagen alpha-1(III) chain-like,PROTEIN_CODING,NW_019217806.1,
136,96.67679167,1.427997717,0.34171071,4.178966809,2.93E-05,0.002039149,Fluorescent,111331664,LOC111331664,long-chain-fatty-acid--CoA ligase 4-like,PROTEIN_CODING,NW_019217959.1,
137,10.52160487,2.049607983,0.490147516,4.18161455,2.89E-05,0.002039149,Fluorescent,111336312,LOC111336312,tropomyosin alpha-4 chain-like,PROTEIN_CODING,NW_019218082.1,
138,17.02150248,1.402779167,0.335554968,4.180475034,2.91E-05,0.002039149,Fluorescent,111340366,LOC111340366,sorting nexin-17-like,PROTEIN_CODING,NW_019218231.1,
139,7.005080322,3.03252586,0.727416603,4.168898325,3.06E-05,0.002103419,Fluorescent,111336667,LOC111336667,cell wall integrity and stress response component 4-like,PROTEIN_CODING,NW_019218093.1,
140,7.081224709,2.739419175,0.662087948,4.137545747,3.51E-05,0.002370566,Fluorescent,111320688,LOC111320688,uncharacterized LOC111320688,PROTEIN_CODING,NW_019217805.1,
141,25.81849439,-1.244733416,0.300665522,-4.139927351,3.47E-05,0.002370566,Non-fluorescent,111340608,LOC111340608,lipoxygenase homology domain-containing protein 1-like,PROTEIN_CODING,NW_019218243.1,
142,11.17527277,1.85128983,0.447514021,4.136830898,3.52E-05,0.002370566,Fluorescent,111343910,LOC111343910,uncharacterized LOC111343910,PROTEIN_CODING,NW_019218463.1,
143,7.339192881,2.343795331,0.567662942,4.128850341,3.65E-05,0.00243777,Fluorescent,111343773,LOC111343773,short-chain collagen C4-like,PROTEIN_CODING,NW_019218450.1,
144,14.08777974,1.838178392,0.445653687,4.12467897,3.71E-05,0.002458504,Fluorescent,111334640,LOC111334640,uncharacterized LOC111334640,PROTEIN_CODING,NW_019217792.1,
145,9.88742873,2.040899674,0.494905948,4.123813182,3.73E-05,0.002458504,Fluorescent,111323127,LOC111323127,phospholipid phosphatase 1-like,PROTEIN_CODING,NW_019217828.1,
146,10.3053312,2.100873937,0.510354456,4.116499643,3.85E-05,0.002520989,Fluorescent,111321177,LOC111321177,uncharacterized LOC111321177,ncRNA,NW_019217809.1,
147,8.938236077,2.500712022,0.608094304,4.112375341,3.92E-05,0.00254958,Fluorescent,111343643,LOC111343643,uncharacterized LOC111343643,ncRNA,NW_019218438.1,
148,37.79993168,1.477932836,0.359820628,4.107415536,4.00E-05,0.002571103,Fluorescent,111322161,LOC111322161,melanotransferrin-like,PROTEIN_CODING,NW_019217818.1,
149,6.157542064,2.796378216,0.680647049,4.108411578,3.98E-05,0.002571103,Fluorescent,111337453,LOC111337453,uncharacterized LOC111337453,PROTEIN_CODING,NW_019218118.1,
150,7.647404156,2.555812013,0.622912017,4.103006435,4.08E-05,0.002603707,Fluorescent,111342077,LOC111342077,putative sodium-coupled neutral amino acid transporter 7,PROTEIN_CODING,NW_019218321.1,
151,33.91324748,1.547418367,0.378378804,4.089601081,4.32E-05,0.002741165,Fluorescent,111333613,LOC111333613,microtubule-associated protein futsch-like,PROTEIN_CODING,NW_019218007.1,
152,9.505690303,2.331978539,0.570554958,4.087211066,4.37E-05,0.002751907,Fluorescent,111330775,LOC111330775,2-acylglycerol O-acyltransferase 1-like,PROTEIN_CODING,NW_019217790.1,
153,5.020505747,3.554214264,0.873714681,4.067934694,4.74E-05,0.002970784,Fluorescent,111338776,LOC111338776,pancreas/duodenum homeobox protein 1-like,PROTEIN_CODING,NW_019217795.1,
154,12.6320886,2.000253786,0.492121534,4.064552451,4.81E-05,0.002978438,Fluorescent,111323777,LOC111323777,uncharacterized LOC111323777,PROTEIN_CODING,NW_019217836.1,
155,28.24193341,1.467803868,0.361136516,4.064401693,4.82E-05,0.002978438,Fluorescent,111340398,LOC111340398,fascin-like,PROTEIN_CODING,NW_019218232.1,
156,82.7509278,1.126318763,0.277580766,4.057625389,4.96E-05,0.003028311,Fluorescent,111334156,LOC111334156,uncharacterized LOC111334156,PROTEIN_CODING,NW_019218020.1,
157,37.7253679,1.320464291,0.325383954,4.058172739,4.95E-05,0.003028311,Fluorescent,111345144,LOC111345144,tyrosine-protein phosphatase Lar-like,PROTEIN_CODING,NW_019218610.1,
158,18.36099404,1.971658655,0.48616813,4.055507822,5.00E-05,0.003037131,Fluorescent,111333875,LOC111333875,probable N-acetyltransferase CML1,PROTEIN_CODING,NW_019218014.1,
159,27.78878146,1.287966053,0.317732544,4.053617038,5.04E-05,0.003043126,Fluorescent,111322987,LOC111322987,putative histone-lysine N-methyltransferase PRDM6,PROTEIN_CODING,NW_019217784.1,
160,22.71781351,1.57962779,0.389993244,4.050397835,5.11E-05,0.003066598,Fluorescent,111321759,LOC111321759,laminin subunit gamma-1-like,PROTEIN_CODING,NW_019217785.1,
161,779.0286829,2.395532675,0.592065147,4.046062644,5.21E-05,0.003068131,Fluorescent,111322549,LOC111322549,uncharacterized LOC111322549,PROTEIN_CODING,NW_019217822.1,
162,158.6684135,1.353960254,0.334453176,4.048280447,5.16E-05,0.003068131,Fluorescent,111324983,LOC111324983,72 kDa type IV collagenase-like,PROTEIN_CODING,NW_019217849.1,
163,84.45989658,1.340824164,0.331334976,4.046732943,5.19E-05,0.003068131,Fluorescent,111330767,LOC111330767,filamin-A-like,PROTEIN_CODING,NW_019217942.1,
164,10.55368892,1.984426826,0.491722455,4.03566444,5.44E-05,0.003188268,Fluorescent,111338412,LOC111338412,peroxidasin homolog,PROTEIN_CODING,NW_019218151.1,
165,16.12448798,1.984754018,0.492464606,4.030247037,5.57E-05,0.003243458,Fluorescent,111340883,LOC111340883,transcription factor Sox-21-B-like,PROTEIN_CODING,NW_019218257.1,
166,46.42557708,1.317865063,0.327184158,4.027899977,5.63E-05,0.003252435,Fluorescent,111321489,LOC111321489,collagen alpha-1(I) chain-like,PROTEIN_CODING,NW_019217812.1,
167,26.36786159,1.295584335,0.32173667,4.026846968,5.65E-05,0.003252435,Fluorescent,111329762,LOC111329762,choline-phosphate cytidylyltransferase B-like,PROTEIN_CODING,NW_019217923.1,
168,51.20052946,1.56601419,0.389508964,4.020483061,5.81E-05,0.003316146,Fluorescent,111336209,LOC111336209,zinc finger CCHC domain-containing protein 24-like,PROTEIN_CODING,NW_019218079.1,
169,16.37768511,2.009374836,0.499899402,4.01955839,5.83E-05,0.003316146,Fluorescent,111346317,LOC111346317,protein-glucosylgalactosylhydroxylysine glucosidase-like,PROTEIN_CODING,NW_019218819.1,
170,6.060817242,3.199279079,0.79668096,4.015759431,5.93E-05,0.003350767,Fluorescent,111318838,LOC111318838,uncharacterized LOC111318838,PROTEIN_CODING,NW_019219378.1,
171,74.15158458,1.29124106,0.32178722,4.012717033,6.00E-05,0.003374977,Fluorescent,111341018,LOC111341018,uncharacterized LOC111341018,PROTEIN_CODING,NW_019218265.1,
172,9.482161431,2.056808614,0.514133497,4.000534154,6.32E-05,0.003513617,Fluorescent,111330251,LOC111330251,sodium-coupled monocarboxylate transporter 1-like,PROTEIN_CODING,NW_019217932.1,
173,67.85450971,2.288078826,0.572506936,3.996595817,6.43E-05,0.003552602,Fluorescent,111339600,LOC111339600,uncharacterized LOC111339600,PROTEIN_CODING,NW_019217796.1,
174,61.39257096,-1.224652596,0.30677022,-3.992084357,6.55E-05,0.003600773,Non-fluorescent,111321709,LOC111321709,retinal homeobox protein Rx1-like,PROTEIN_CODING,NW_019217814.1,
175,40.56211096,-1.053791098,0.265370295,-3.971021325,7.16E-05,0.003912757,Non-fluorescent,111338856,LOC111338856,uncharacterized LOC111338856,PROTEIN_CODING,NW_019218167.1,
176,19.05964189,1.813629804,0.456879878,3.969598776,7.20E-05,0.003914562,Fluorescent,111339975,LOC111339975,uncharacterized LOC111339975,PROTEIN_CODING,NW_019218213.1,
177,7.798575505,2.23270774,0.563436388,3.962661605,7.41E-05,0.004008086,Fluorescent,111331279,LOC111331279,gastric intrinsic factor-like,PROTEIN_CODING,NW_019217952.1,
178,19.31135138,2.891704434,0.732465892,3.947903195,7.88E-05,0.00421723,Fluorescent,111338418,LOC111338418,mannan-binding lectin serine protease 1-like,PROTEIN_CODING,NW_019218151.1,
179,32.20995161,1.220185337,0.309546563,3.941847477,8.09E-05,0.004301908,Fluorescent,111339275,LOC111339275,fibroblast growth factor receptor 1-like,PROTEIN_CODING,NW_019217795.1,
180,8.459356018,2.282148072,0.580155634,3.933682514,8.37E-05,0.004410332,Fluorescent,111332117,LOC111332117,BMP-binding endothelial regulator protein-like,PROTEIN_CODING,NW_019217969.1,
181,27.01269287,1.41009837,0.359057085,3.927226136,8.59E-05,0.004499338,Fluorescent,111342143,LOC111342143,Niemann-Pick C1 protein-like,PROTEIN_CODING,NW_019218326.1,
182,208.4430272,2.01780127,0.5140933,3.924970957,8.67E-05,0.004517795,Fluorescent,111320751,LOC111320751,collagen alpha-1(I) chain-like,PROTEIN_CODING,NW_019217805.1,
183,24.5556384,1.254537062,0.319780846,3.923115089,8.74E-05,0.004528916,Fluorescent,111322311,LOC111322311,ELKS/Rab6-interacting/CAST family member 1-like,PROTEIN_CODING,NW_019217820.1,
184,382.4001769,-1.073706897,0.274333901,-3.913868808,9.08E-05,0.004657222,Non-fluorescent,111328428,LOC111328428,uncharacterized LOC111328428,PROTEIN_CODING,NW_019217900.1,
185,6.475498517,2.459182245,0.628582137,3.912268738,9.14E-05,0.00466403,Fluorescent,111338651,LOC111338651,uncharacterized LOC111338651,PROTEIN_CODING,NW_019218160.1,
186,24.17143663,-1.270741931,0.324966858,-3.910373937,9.22E-05,0.004676664,Non-fluorescent,111337892,LOC111337892,polycystic kidney disease protein 1-like 2,PROTEIN_CODING,NW_019218132.1,
187,19.2457747,1.801054296,0.461471856,3.902847536,9.51E-05,0.004799943,Fluorescent,111339663,LOC111339663,uncharacterized LOC111339663,PROTEIN_CODING,NW_019218198.1,
188,38.75253748,-1.14410161,0.293599522,-3.8968102,9.75E-05,0.004896156,Non-fluorescent,111323527,LOC111323527,transient receptor potential cation channel subfamily M member 2-like,PROTEIN_CODING,NW_019217832.1,
189,55.96226037,-1.079054022,0.277715969,-3.88545904,0.000102137,0.005104772,Non-fluorescent,111336924,LOC111336924,uncharacterized LOC111336924,PROTEIN_CODING,NW_019218101.1,
190,42.69006438,1.446848663,0.373047341,3.878458587,0.00010512,0.005227496,Fluorescent,111321847,LOC111321847,centromere-associated protein E-like,PROTEIN_CODING,NW_019217815.1,
191,35.68895946,-1.148607114,0.296391586,-3.875302699,0.000106492,0.005243021,Non-fluorescent,111324410,LOC111324410,protein phosphatase 1 regulatory subunit 3B-B-like,PROTEIN_CODING,NW_019217843.1,
192,8.805841525,2.092749442,0.539893735,3.876224723,0.00010609,0.005243021,Fluorescent,111341777,LOC111341777,basement membrane-specific heparan sulfate proteoglycan core protein-like,PROTEIN_CODING,NW_019218303.1,
193,32.13269223,1.364193573,0.352256018,3.872733193,0.000107622,0.005259275,Fluorescent,111346320,LOC111346320,long-chain-fatty-acid--CoA ligase 1-like,PROTEIN_CODING,NW_019217801.1,
194,75.03207809,1.301215762,0.336045903,3.872136962,0.000107885,0.005259275,Fluorescent,111327581,LOC111327581,putative N-acetylated-alpha-linked acidic dipeptidase,PROTEIN_CODING,NW_019217886.1,
195,37.12194458,1.346843524,0.348483904,3.864865811,0.00011115,0.005391879,Fluorescent,111340820,LOC111340820,uncharacterized LOC111340820,PROTEIN_CODING,NW_019218255.1,
196,4.715238904,2.927224707,0.761117627,3.845955739,0.000120083,0.005768669,Fluorescent,111329225,LOC111329225,uncharacterized LOC111329225,PROTEIN_CODING,NW_019217913.1,
197,27.95805553,-1.186421883,0.308437421,-3.846556235,0.00011979,0.005768669,Non-fluorescent,111339304,LOC111339304,echinoderm microtubule-associated protein-like 6,PROTEIN_CODING,NW_019218185.1,
198,11.9370061,1.910796306,0.497727351,3.839042203,0.000123515,0.005904862,Fluorescent,111345133,LOC111345133,monocarboxylate transporter 10-like,PROTEIN_CODING,NW_019218609.1,
199,27.13011961,2.575152229,0.671384666,3.835583922,0.000125266,0.005934431,Fluorescent,111333911,LOC111333911,thrombospondin-1-like,PROTEIN_CODING,NW_019218015.1,
200,20.14601174,1.686367236,0.440861863,3.82516016,0.000130687,0.006158474,Fluorescent,111327414,LOC111327414,major facilitator superfamily domain-containing protein 12-like,PROTEIN_CODING,NW_019217883.1,
201,27.80518855,1.641985147,0.430779468,3.811660648,0.000138036,0.006383211,Fluorescent,111327334,LOC111327334,fibrillin-3-like,PROTEIN_CODING,NW_019217882.1,
202,22.81023557,-1.282828035,0.336887913,-3.807877885,0.000140164,0.006433945,Non-fluorescent,111336930,LOC111336930,monocarboxylate transporter 10-like,PROTEIN_CODING,NW_019218101.1,
203,6.952291495,2.298151388,0.605859212,3.793210277,0.000148712,0.006781821,Fluorescent,111339122,LOC111339122,homeobox protein BarH-like 2,PROTEIN_CODING,NW_019218178.1,
204,55.94833649,1.38906279,0.366921918,3.785717673,0.000153266,0.006925646,Fluorescent,111327248,LOC111327248,major facilitator superfamily domain-containing protein 12-like,PROTEIN_CODING,NW_019217788.1,
205,8.816410679,2.133812972,0.56359988,3.786042277,0.000153066,0.006925646,Fluorescent,111321665,LOC111321665,uncharacterized LOC111321665,PROTEIN_CODING,NW_019217814.1,
206,9.162361235,2.263570014,0.599254493,3.777310045,0.000158531,0.00709876,Fluorescent,111335662,LOC111335662,zinc finger protein SNAI2-like,PROTEIN_CODING,NW_019218061.1,
207,26.09530875,-1.183696085,0.314188826,-3.767467164,0.000164912,0.007318257,Non-fluorescent,111331219,LOC111331219,dynein heavy chain domain-containing protein 1-like,PROTEIN_CODING,NW_019217951.1,
208,13.41898767,1.786689041,0.474141257,3.768263185,0.000164387,0.007318257,Fluorescent,111334796,LOC111334796,uncharacterized LOC111334796,PROTEIN_CODING,NW_019218038.1,
209,8.301923866,2.077788744,0.554777926,3.745262105,0.000180206,0.00792584,Fluorescent,111321680,LOC111321680,fibrillin-2-like,PROTEIN_CODING,NW_019217814.1,
210,7.354961215,2.030368397,0.543160321,3.73806465,0.000185442,0.008120074,Fluorescent,111322068,LOC111322068,uncharacterized LOC111322068,PROTEIN_CODING,NW_019217817.1,
211,21.26624784,1.536331404,0.411321329,3.735112417,0.000187631,0.008179735,Fluorescent,111321593,LOC111321593,atrial natriuretic peptide receptor 1-like,PROTEIN_CODING,NW_019217813.1,
212,9.553274756,1.888228118,0.506616173,3.727137461,0.000193667,0.008405821,Fluorescent,111344634,LOC111344634,growth arrest-specific protein 1-like,PROTEIN_CODING,NW_019218544.1,
213,14.85654479,1.641471298,0.441334793,3.719333539,0.000199749,0.008594424,Fluorescent,111337259,LOC111337259,monocarboxylate transporter 13-like,PROTEIN_CODING,NW_019218112.1,
214,53.70381135,1.24137459,0.334780745,3.70802266,0.000208884,0.008948553,Fluorescent,111327210,LOC111327210,glutamine synthetase-like,PROTEIN_CODING,NW_019217879.1,
215,6.433014634,2.603468817,0.704056452,3.697812597,0.000217465,0.009198409,Fluorescent,111321463,LOC111321463,arylsulfatase J-like,PROTEIN_CODING,NW_019217811.1,
216,20.83651453,1.223507321,0.331521892,3.690577757,0.000223745,0.009376797,Fluorescent,111325560,LOC111325560,gamma-glutamyl hydrolase-like,PROTEIN_CODING,NW_019217857.1,
217,9.860606499,1.824610054,0.494521599,3.689646841,0.000224566,0.009376797,Fluorescent,111343966,LOC111343966,agrin-like,PROTEIN_CODING,NW_019218468.1,
218,1027.60575,1.725020612,0.470941317,3.662920516,0.000249356,0.010324796,Fluorescent,111329755,LOC111329755,soma ferritin-like,PROTEIN_CODING,NW_019217923.1,
219,31.53027989,1.469794918,0.402162451,3.654729358,0.000257453,0.01052793,Fluorescent,111328588,LOC111328588,uncharacterized LOC111328588,PROTEIN_CODING,NW_019217902.1,
220,112.5940263,1.892896965,0.51958861,3.643068631,0.000269407,0.010971405,Fluorescent,111343442,LOC111343442,uncharacterized LOC111343442,PROTEIN_CODING,NW_019218423.1,
221,37.58589811,-1.104693781,0.303448612,-3.640464107,0.000272147,0.01103757,Non-fluorescent,111322871,LOC111322871,uncharacterized LOC111322871,PROTEIN_CODING,NW_019217826.1,
222,8.19166386,-1.860132095,0.511500222,-3.636620309,0.000276239,0.011157787,Non-fluorescent,111330113,LOC111330113,E3 ubiquitin-protein ligase RGLG5-like,PROTEIN_CODING,NW_019217929.1,
223,4.667832341,3.094675347,0.85194609,3.632477905,0.000280713,0.011292407,Fluorescent,111336425,LOC111336425,beta-galactosidase-like,PROTEIN_CODING,NW_019218085.1,
224,5.986299767,2.709943847,0.747340534,3.626116508,0.000287716,0.011527261,Fluorescent,111326819,LOC111326819,metalloproteinase inhibitor 3-like,PROTEIN_CODING,NW_019217788.1,
225,21.67577329,1.274038042,0.352567395,3.613601424,0.000301973,0.012049703,Fluorescent,111341498,LOC111341498,adipocyte plasma membrane-associated protein-like,PROTEIN_CODING,NW_019218289.1,
226,10.87813808,1.782068845,0.493979573,3.607575984,0.000309071,0.012264768,Fluorescent,111332747,LOC111332747,CUB and sushi domain-containing protein 3-like,PROTEIN_CODING,NW_019217791.1,
227,5.376119733,2.30550403,0.639187403,3.606929705,0.000309842,0.012264768,Fluorescent,111338692,LOC111338692,uncharacterized LOC111338692,PROTEIN_CODING,NW_019218162.1,
228,4.779677018,2.571080998,0.713124708,3.605373601,0.000311704,0.012289341,Fluorescent,111336589,LOC111336589,uncharacterized LOC111336589,PROTEIN_CODING,NW_019218091.1,
229,6.133863088,2.410738412,0.670102627,3.597565975,0.000321209,0.012613828,Fluorescent,111340617,LOC111340617,cartilage intermediate layer protein 2-like,PROTEIN_CODING,NW_019218244.1,
230,45.69219529,1.197920772,0.333643929,3.590416807,0.00033015,0.012913677,Fluorescent,111321403,LOC111321403,calumenin-like,PROTEIN_CODING,NW_019217811.1,
231,77.40950942,1.272344823,0.354624242,3.587867585,0.000333394,0.012938283,Fluorescent,111321178,LOC111321178,vitellogenin-like,PROTEIN_CODING,NW_019217809.1,
232,43.69979128,-1.035551333,0.28854594,-3.588861209,0.000332126,0.012938283,Non-fluorescent,111344195,LOC111344195,chromosome alignment-maintaining phosphoprotein 1-like,PROTEIN_CODING,NW_019218492.1,
233,18.51158191,1.574396905,0.439034529,3.586043468,0.000335733,0.01297818,Fluorescent,111331589,LOC111331589,aquaporin-7-like,PROTEIN_CODING,NW_019217958.1,
234,24.31181166,1.441264661,0.402519609,3.580607329,0.000342796,0.013016627,Fluorescent,111330961,LOC111330961,calretinin-like,PROTEIN_CODING,NW_019217946.1,
235,10.41011404,1.588588358,0.443488023,3.582032152,0.000340932,0.013016627,Fluorescent,111331622,LOC111331622,inactive hydroxysteroid dehydrogenase-like protein 1,PROTEIN_CODING,NW_019217958.1,
236,8.197308804,-1.978179191,0.552529983,-3.580220538,0.000343304,0.013016627,Non-fluorescent,111338573,LOC111338573,E3 ubiquitin-protein ligase TRIM71-like,PROTEIN_CODING,NW_019218157.1,
237,4.345886372,3.720076535,1.04024913,3.576140011,0.000348705,0.013120852,Fluorescent,111323636,LOC111323636,complement C3-like,PROTEIN_CODING,NW_019217834.1,
238,3.797206481,3.667926504,1.025554228,3.576531014,0.000348184,0.013120852,Fluorescent,111326544,LOC111326544,proprotein convertase subtilisin/kexin type 4-like,PROTEIN_CODING,NW_019217871.1,
239,14.44385611,1.58293601,0.442774736,3.575036874,0.000350179,0.013126389,Fluorescent,111322256,LOC111322256,uncharacterized LOC111322256,PROTEIN_CODING,NW_019217819.1,
240,27.16765256,1.141862248,0.319832011,3.570193757,0.000356717,0.013321035,Fluorescent,111335732,LOC111335732,uncharacterized LOC111335732,PROTEIN_CODING,NW_019218063.1,
241,44.37698426,1.342298655,0.376240816,3.56765826,0.000360186,0.013399996,Fluorescent,111320938,LOC111320938,mRNA decay activator protein ZFP36L1-like,PROTEIN_CODING,NW_019217807.1,
242,48.73901498,-1.089023653,0.305797978,-3.561251972,0.000369091,0.013679855,Non-fluorescent,111331303,LOC111331303,cytosolic phospholipase A2-like,PROTEIN_CODING,NW_019217952.1,
243,5.927409579,2.177357021,0.614939058,3.540768785,0.000398963,0.014617123,Fluorescent,111346591,LOC111346591,uncharacterized LOC111346591,PROTEIN_CODING,NW_019218897.1,
244,187.1531048,1.879403526,0.533167628,3.524976812,0.00042352,0.015408649,Fluorescent,111322261,LOC111322261,gamma-interferon-inducible lysosomal thiol reductase-like,PROTEIN_CODING,NW_019217819.1,
245,54.68536753,-1.137222385,0.322769767,-3.523323749,0.00042617,0.015448288,Non-fluorescent,111331825,LOC111331825,uncharacterized LOC111331825,PROTEIN_CODING,NW_019217963.1,
246,101.2703181,1.159556388,0.32954992,3.518606184,0.00043382,0.015602603,Fluorescent,111321894,LOC111321894,gelsolin-like protein 2,PROTEIN_CODING,NW_019217816.1,
247,37.14457561,-1.043124499,0.296528406,-3.517789453,0.000435157,0.015602603,Non-fluorescent,111339822,LOC111339822,alpha-2A adrenergic receptor-like,PROTEIN_CODING,NW_019218205.1,
248,4.357497105,2.704767286,0.768472046,3.519669061,0.000432086,0.015602603,Fluorescent,111342546,LOC111342546,uncharacterized LOC111342546,PROTEIN_CODING,NW_019218351.1,
249,44.39953787,1.147832002,0.327504179,3.504785819,0.000456975,0.016325712,Fluorescent,111328517,LOC111328517,ras-associated and pleckstrin homology domains-containing protein 1-like,PROTEIN_CODING,NW_019217901.1,
250,4.629676986,2.718469746,0.776390911,3.501418819,0.000462788,0.016473919,Fluorescent,111333893,LOC111333893,uncharacterized LOC111333893,PROTEIN_CODING,NW_019218014.1,
251,5.234107393,2.452062504,0.704468749,3.480725733,0.000500057,0.017736798,Fluorescent,111324532,LOC111324532,trace amine-associated receptor 7h-like,PROTEIN_CODING,NW_019217787.1,
252,56.79703322,-1.057229561,0.304800731,-3.468592597,0.000523192,0.018491107,Non-fluorescent,111325851,LOC111325851,paired box protein Pax-3-B-like,PROTEIN_CODING,NW_019217787.1,
253,13.00301751,1.471134779,0.425879687,3.454343615,0.000551634,0.019289648,Fluorescent,111328120,LOC111328120,hephaestin-like protein,PROTEIN_CODING,NW_019217895.1,
254,6.518651425,2.111656223,0.612135428,3.449655298,0.000561303,0.019558635,Fluorescent,111334900,LOC111334900,multidrug resistance protein 1-like,PROTEIN_CODING,NW_019218041.1,
255,3.615952451,-2.883213393,0.836780614,-3.44560252,0.000569788,0.019784631,Non-fluorescent,111335313,LOC111335313,uncharacterized LOC111335313,PROTEIN_CODING,NW_019218052.1,
256,49.09889446,-1.147681449,0.333504505,-3.441277198,0.000578975,0.019979111,Non-fluorescent,111322597,LOC111322597,D-amino-acid oxidase-like,PROTEIN_CODING,NW_019217823.1,
257,4.588396514,2.497455286,0.727985864,3.430637063,0.000602166,0.020619486,Fluorescent,111322526,LOC111322526,putative histone-lysine N-methyltransferase PRDM6,PROTEIN_CODING,NW_019217784.1,
258,17.90213733,1.644253114,0.480840787,3.419537524,0.000627277,0.02140528,Fluorescent,111327570,LOC111327570,uncharacterized LOC111327570,ncRNA,NW_019217886.1,
259,7.243335367,2.094782923,0.612854316,3.418076477,0.000630654,0.021420485,Fluorescent,111332138,LOC111332138,uncharacterized LOC111332138,PROTEIN_CODING,NW_019217970.1,
260,197.5589578,1.055849607,0.309040323,3.41654318,0.000634216,0.021420485,Fluorescent,111333012,LOC111333012,carbonic anhydrase 2-like,PROTEIN_CODING,NW_019217992.1,
261,5.393240838,2.34270815,0.686663698,3.41172565,0.00064553,0.021581654,Fluorescent,111346592,LOC111346592,MAM and LDL-receptor class A domain-containing protein 1-like,PROTEIN_CODING,NW_019218897.1,
262,38.8130529,1.062527232,0.311683071,3.408998861,0.000652018,0.021725136,Fluorescent,111322678,LOC111322678,uncharacterized LOC111322678,PROTEIN_CODING,NW_019217823.1,
263,13.87047954,-1.41926625,0.417159824,-3.402212216,0.000668427,0.022197164,Non-fluorescent,111325942,LOC111325942,plexin domain-containing protein 2-like,PROTEIN_CODING,NW_019217862.1,
264,26.45659508,1.112903643,0.327521952,3.3979513,0.000678925,0.022470375,Fluorescent,111336999,LOC111336999,tumor protein p53-inducible nuclear protein 1-like,PROTEIN_CODING,NW_019218104.1,
265,5.189777359,2.732530505,0.806410533,3.388510434,0.000702734,0.023103825,Fluorescent,111330075,LOC111330075,uncharacterized LOC111330075,PROTEIN_CODING,NW_019217929.1,
266,1.939966828,-3.774623621,1.114925519,-3.385538815,0.000710387,0.023201274,Non-fluorescent,111332020,LOC111332020,forkhead box protein D3-A-like,PROTEIN_CODING,NW_019217967.1,
267,79.95972146,1.213152601,0.358309723,3.385765232,0.000709801,0.023201274,Fluorescent,111333695,LOC111333695,cathepsin B-like,PROTEIN_CODING,NW_019218009.1,
268,20.95674344,1.377807653,0.407312222,3.382681832,0.000717817,0.023290233,Fluorescent,111325220,LOC111325220,uncharacterized LOC111325220,PROTEIN_CODING,NW_019217852.1,
269,4.443822908,2.78718063,0.823846579,3.383130671,0.000716645,0.023290233,Fluorescent,111344752,LOC111344752,dipeptidyl peptidase 1-like,PROTEIN_CODING,NW_019218559.1,
270,29.47799075,1.54452152,0.458225495,3.3706582,0.000749888,0.024099707,Fluorescent,111334113,LOC111334113,TNF receptor-associated factor 3-like,PROTEIN_CODING,NW_019218019.1,
271,14.40478539,1.305293554,0.38761012,3.367542502,0.000758413,0.024210511,Fluorescent,111326942,LOC111326942,protein CREG1-like,PROTEIN_CODING,NW_019217876.1,
272,4.112764062,2.800206727,0.832115635,3.365165379,0.000764978,0.024306073,Fluorescent,111331301,LOC111331301,zinc finger protein ZIC 2-like,PROTEIN_CODING,NW_019217790.1,
273,177.1825478,2.212533757,0.657575886,3.364682017,0.000766319,0.024306073,Fluorescent,111343451,LOC111343451,proprotein convertase subtilisin/kexin type 5-like,PROTEIN_CODING,NW_019218423.1,
274,38.74459097,-1.226439025,0.365301558,-3.357333136,0.000786982,0.024881715,Non-fluorescent,111326058,LOC111326058,plasma membrane calcium-transporting ATPase 2-like,PROTEIN_CODING,NW_019217864.1,
275,7.416464591,1.754623762,0.523777773,3.349939328,0.000808293,0.025393219,Fluorescent,111328207,LOC111328207,prothrombin-like,PROTEIN_CODING,NW_019217896.1,
276,12.39656107,1.327294954,0.396617453,3.34653693,0.000818278,0.025544722,Fluorescent,111337168,LOC111337168,di-N-acetylchitobiase-like,PROTEIN_CODING,NW_019217794.1,
277,3.371667301,2.97217342,0.887935417,3.347285582,0.000816071,0.025544722,Fluorescent,111340840,LOC111340840,organic cation transporter protein-like,PROTEIN_CODING,NW_019217797.1,
278,13.30201467,1.237125006,0.369785665,3.345519098,0.000821287,0.025558039,Fluorescent,111337236,LOC111337236,protein mab-21-like 2,PROTEIN_CODING,NW_019218111.1,A0A2B4RP11
279,4.222652758,2.710396584,0.811526715,3.339873519,0.000838166,0.025920269,Fluorescent,111339268,LOC111339268,keratin-associated protein 10-6-like,PROTEIN_CODING,NW_019218183.1,
280,22.18297226,-1.033943738,0.310503439,-3.329894642,0.000868789,0.026700407,Non-fluorescent,111334412,LOC111334412,protocadherin Fat 4-like,PROTEIN_CODING,NW_019218027.1,
281,5.349609998,2.204584395,0.66326489,3.323837017,0.000887881,0.027118726,Fluorescent,111333767,LOC111333767,transcriptional activator GLI3-like,PROTEIN_CODING,NW_019218011.1,
282,4.906343395,2.195429603,0.663027747,3.311218292,0.000928907,0.028111514,Fluorescent,111334761,LOC111334761,protein white-like,PROTEIN_CODING,NW_019218037.1,
283,8.240426445,3.24072868,0.983496434,3.29510974,0.000983833,0.029592725,Fluorescent,111324368,LOC111324368,lysyl oxidase homolog 2A-like,PROTEIN_CODING,NW_019217843.1,
284,7.583813591,1.926844541,0.585909741,3.288637152,0.001006737,0.030008046,Fluorescent,111336488,LOC111336488,uncharacterized LOC111336488,PROTEIN_CODING,NW_019218088.1,
285,4.057639948,2.738264894,0.833191774,3.28647615,0.001014494,0.030058171,Fluorescent,111322245,LOC111322245,uncharacterized LOC111322245,PROTEIN_CODING,NW_019217785.1,
286,5.501932542,2.163891664,0.659975008,3.278747887,0.001042687,0.030709627,Fluorescent,111324945,LOC111324945,stromelysin-1-like,PROTEIN_CODING,NW_019217849.1,
287,60.47778643,1.13442639,0.346105784,3.277686887,0.001046614,0.030733811,Fluorescent,111337898,LOC111337898,uncharacterized LOC111337898,PROTEIN_CODING,NW_019217794.1,
288,3.718689778,-2.637786633,0.805033142,-3.276618681,0.001050581,0.030759037,Non-fluorescent,111327626,LOC111327626,dimethylaniline monooxygenase [N-oxide-forming] 2-like,PROTEIN_CODING,NW_019217887.1,
289,18.84051689,-1.096986051,0.335264636,-3.27200048,0.001067894,0.030990846,Non-fluorescent,111331858,LOC111331858,Down syndrome cell adhesion molecule-like protein 1 homolog,PROTEIN_CODING,NW_019217790.1,
290,12.0057924,1.652040982,0.505713183,3.26675483,0.001087878,0.031386722,Fluorescent,111321502,LOC111321502,endothelin-converting enzyme homolog,PROTEIN_CODING,NW_019217812.1,
291,2.459014998,3.549260015,1.08739314,3.264008097,0.00109848,0.031600467,Fluorescent,111325293,LOC111325293,uncharacterized LOC111325293,PROTEIN_CODING,NW_019217853.1,
292,11.22359908,1.600671061,0.490704075,3.261988522,0.001106336,0.031734213,Fluorescent,111333580,LOC111333580,alkaline phosphatase-like,PROTEIN_CODING,NW_019218007.1,
293,5.859712254,1.973401328,0.606312489,3.254759492,0.001134884,0.032365461,Fluorescent,111324308,LOC111324308,uncharacterized LOC111324308,PROTEIN_CODING,NW_019217842.1,
294,7.329787233,1.858954234,0.57267659,3.246080365,0.001170058,0.033272685,Fluorescent,111322853,LOC111322853,junctophilin-3-like,PROTEIN_CODING,NW_019217825.1,
295,10.26292595,1.670429722,0.514959786,3.243806154,0.00117944,0.033443371,Fluorescent,111323093,LOC111323093,selenoprotein Pb-like,PROTEIN_CODING,NW_019217828.1,
296,8.884908053,1.607849029,0.496033622,3.241411385,0.001189394,0.033629268,Fluorescent,111319813,LOC111319813,cuticle collagen 2C-like,PROTEIN_CODING,NW_019220458.1,
297,3.699178462,2.963626024,0.918933176,3.2250724,0.001259408,0.035406543,Fluorescent,111320728,LOC111320728,tumor necrosis factor receptor superfamily member 10C-like,PROTEIN_CODING,NW_019217805.1,
298,5.135464913,1.996002305,0.618899661,3.225082239,0.001259365,0.035406543,Fluorescent,111341830,LOC111341830,very-long-chain (3R)-3-hydroxyacyl-CoA dehydratase 2-like,PROTEIN_CODING,NW_019218306.1,
299,51.52145407,1.034595151,0.320898582,3.224056473,0.001263885,0.035431737,Fluorescent,111329016,LOC111329016,lysosomal alpha-mannosidase-like,PROTEIN_CODING,NW_019217909.1,
300,9.300482477,1.573471517,0.488555822,3.220658616,0.001278964,0.035753185,Fluorescent,111324497,LOC111324497,uncharacterized LOC111324497,PROTEIN_CODING,NW_019217844.1,
301,14.14379478,1.379245611,0.428575906,3.218206138,0.001289951,0.03595874,Fluorescent,111343646,LOC111343646,bone morphogenetic protein 7-like,PROTEIN_CODING,NW_019218438.1,
302,20.62723426,1.456711658,0.453609333,3.211379377,0.001320994,0.036147829,Fluorescent,111335667,LOC111335667,A disintegrin and metalloproteinase with thrombospondin motifs 16-like,PROTEIN_CODING,NW_019217793.1,
303,15.89623081,1.67003041,0.520209764,3.21030193,0.001325956,0.036147829,Fluorescent,111328589,LOC111328589,agrin-like,PROTEIN_CODING,NW_019217902.1,
304,7.744501677,1.807304617,0.562554108,3.212676953,0.001315041,0.036147829,Fluorescent,111337462,LOC111337462,uncharacterized LOC111337462,PROTEIN_CODING,NW_019218118.1,
305,6.264372324,1.956298021,0.611329901,3.200069258,0.001373946,0.037047865,Fluorescent,111332090,LOC111332090,probable RNA-dependent RNA polymerase 1,PROTEIN_CODING,NW_019217968.1,
306,4.59167244,2.275396169,0.71125634,3.199122514,0.001378466,0.037068612,Fluorescent,111320921,LOC111320921,histamine H2 receptor-like,PROTEIN_CODING,NW_019217807.1,
307,7.118876633,1.89522177,0.592563988,3.19834112,0.001382207,0.037068612,Fluorescent,111324943,LOC111324943,72 kDa type IV collagenase-like,PROTEIN_CODING,NW_019217849.1,
308,28.38715246,2.515532734,0.787694662,3.193537871,0.001405409,0.037588994,Fluorescent,111341532,LOC111341532,mucin-2-like,PROTEIN_CODING,NW_019218290.1,
309,2.993065814,2.894024165,0.908311543,3.186158084,0.001441758,0.038457241,Fluorescent,111329754,LOC111329754,soma ferritin-like,PROTEIN_CODING,NW_019217923.1,
310,13.92761751,1.270398359,0.399103531,3.18312984,0.001456923,0.038757276,Fluorescent,111321308,LOC111321308,A disintegrin and metalloproteinase with thrombospondin motifs 2-like,PROTEIN_CODING,NW_019217810.1,
311,4.007308321,2.496354272,0.784544559,3.181915219,0.001463046,0.038815837,Fluorescent,111328842,LOC111328842,uncharacterized LOC111328842,PROTEIN_CODING,NW_019217906.1,
312,26.31686105,1.009937841,0.317744895,3.178454973,0.001480622,0.039177103,Fluorescent,111325968,LOC111325968,unconventional myosin-X-like,PROTEIN_CODING,NW_019217862.1,
313,16.87604423,1.432945637,0.451739631,3.172060936,0.001513612,0.039943223,Fluorescent,111340596,LOC111340596,mucin-like protein,PROTEIN_CODING,NW_019218243.1,
314,8.900754971,1.677800124,0.529378802,3.169375348,0.00152767,0.040206966,Fluorescent,111330060,LOC111330060,putative helicase MOV-10,PROTEIN_CODING,NW_019217928.1,
315,17.12642921,-1.060713767,0.335267278,-3.163785545,0.001557315,0.040878486,Non-fluorescent,111341935,LOC111341935,protein FAM172A-like,PROTEIN_CODING,NW_019218312.1,
316,29.3056237,1.077992836,0.341504969,3.156594881,0.001596229,0.041789118,Fluorescent,111322259,LOC111322259,coactosin-like protein,PROTEIN_CODING,NW_019217819.1,
317,3.887941013,2.438529342,0.773689639,3.151818531,0.001622571,0.042255159,Fluorescent,111331073,LOC111331073,homeobox protein GBX-2-like,PROTEIN_CODING,NW_019217948.1,
318,26.22463499,2.011039673,0.637944031,3.152376347,0.001619474,0.042255159,Fluorescent,111333525,LOC111333525,somatomedin-B and thrombospondin type-1 domain-containing protein-like,PROTEIN_CODING,NW_019218005.1,
319,38.95356633,1.072587039,0.34108255,3.144655269,0.001662826,0.043189844,Fluorescent,111320928,LOC111320928,max dimerization protein 1-like,PROTEIN_CODING,NW_019217807.1,
320,5.590461446,1.972707809,0.627695637,3.142777633,0.001673529,0.043275,Fluorescent,111344472,LOC111344472,T-box transcription factor TBX10-like,PROTEIN_CODING,NW_019217800.1,
321,4.421555109,2.199004966,0.699752558,3.14254652,0.001674851,0.043275,Fluorescent,111333620,LOC111333620,TPR and ankyrin repeat-containing protein 1-like,PROTEIN_CODING,NW_019218008.1,
322,4.999514819,2.362755402,0.752398231,3.140298985,0.001687755,0.043447296,Fluorescent,111324400,LOC111324400,uncharacterized LOC111324400,PROTEIN_CODING,NW_019217843.1,
323,20.56664131,-1.192951485,0.380140551,-3.138185286,0.001699974,0.043582748,Non-fluorescent,111324530,LOC111324530,uncharacterized LOC111324530,PROTEIN_CODING,NW_019217844.1,
324,3.647839625,2.403686424,0.76669345,3.135133635,0.001717758,0.043924902,Fluorescent,111326799,LOC111326799,uncharacterized LOC111326799,PROTEIN_CODING,NW_019217874.1,
325,10.87452925,-1.286986829,0.410759453,-3.133188582,0.001729183,0.043989705,Non-fluorescent,111342215,LOC111342215,uncharacterized LOC111342215,PROTEIN_CODING,NW_019218330.1,
326,6.598277923,1.822224213,0.582035305,3.130779518,0.00174343,0.044238418,Fluorescent,111323922,LOC111323922,uncharacterized LOC111323922,ncRNA,NW_019217837.1,
327,3.141535947,2.867466296,0.916220052,3.129669875,0.001750029,0.044292282,Fluorescent,111329699,LOC111329699,mucin-2-like,PROTEIN_CODING,NW_019217922.1,
328,4.286208556,2.454414541,0.786223689,3.121776379,0.001797634,0.04526562,Fluorescent,111324999,LOC111324999,uncharacterized LOC111324999,PROTEIN_CODING,NW_019217850.1,
329,184.1992712,1.688864306,0.54120393,3.120569182,0.001805019,0.045336212,Fluorescent,111325880,LOC111325880,uncharacterized LOC111325880,PROTEIN_CODING,NW_019217787.1,
330,8.902394295,-1.445304821,0.463294704,-3.119623016,0.001810826,0.045366929,Non-fluorescent,111330877,LOC111330877,signal transducing adapter molecule 2-like,PROTEIN_CODING,NW_019217945.1,
331,9.88832353,-1.592508169,0.510762258,-3.117904943,0.001821415,0.045516987,Non-fluorescent,111332887,LOC111332887,cytochrome P450 1A1-like,PROTEIN_CODING,NW_019217988.1,
332,7.272772775,-1.630521975,0.523104392,-3.117010678,0.00182695,0.045540284,Non-fluorescent,111331286,LOC111331286,nuclear envelope pore membrane protein POM 121-like,PROTEIN_CODING,NW_019217790.1,
333,4.962033692,2.184611976,0.701167149,3.115679308,0.001835217,0.045559015,Fluorescent,111333334,LOC111333334,homeobox protein Nkx-2.2-like,PROTEIN_CODING,NW_019218000.1,
334,4.670992622,-2.25267569,0.723700265,-3.112719172,0.001853723,0.045861111,Non-fluorescent,111338817,LOC111338817,fibroblast growth factor 1-like,PROTEIN_CODING,NW_019218166.1,
335,9.947006868,1.546083302,0.496962417,3.111066849,0.001864127,0.046003502,Fluorescent,111341071,LOC111341071,major facilitator superfamily domain-containing protein 12-like,PROTEIN_CODING,NW_019218268.1,
336,4.972786896,2.237604586,0.720470998,3.105752475,0.001897955,0.046490506,Fluorescent,111338912,LOC111338912,uncharacterized LOC111338912,PROTEIN_CODING,NW_019218170.1,
337,5.023789748,2.197781024,0.708951679,3.100043472,0.001934922,0.047278993,Fluorescent,111338848,LOC111338848,uncharacterized LOC111338848,PROTEIN_CODING,NW_019218167.1,
338,6.551598261,-1.737044089,0.561155328,-3.095478204,0.001964958,0.047776967,Non-fluorescent,111330437,LOC111330437,desumoylating isopeptidase 2-like,PROTEIN_CODING,NW_019217934.1,
339,6.03330118,2.203326,0.712121299,3.094031876,0.001974563,0.047892825,Fluorescent,111323058,LOC111323058,uncharacterized LOC111323058,PROTEIN_CODING,NW_019217828.1,
340,10.40088597,1.550080158,0.501271778,3.09229489,0.001986154,0.048056195,Fluorescent,111339082,LOC111339082,uncharacterized LOC111339082,PROTEIN_CODING,NW_019217795.1,
341,46.55415179,1.220160439,0.394737475,3.091068159,0.001994378,0.048137487,Fluorescent,111322209,LOC111322209,uncharacterized LOC111322209,PROTEIN_CODING,NW_019217819.1,
342,27.01233598,-1.174989683,0.381272871,-3.081755274,0.002057839,0.049428105,Non-fluorescent,111327558,LOC111327558,uncharacterized LOC111327558,PROTEIN_CODING,NW_019217886.1,
343,3.804975394,2.280184675,0.740515642,3.079185023,0.002075677,0.049718272,Fluorescent,111340622,LOC111340622,hemicentin-1-like,PROTEIN_CODING,NW_019218244.1,
344,8.156839298,1.992850692,0.647367552,3.078391379,0.002081214,0.049718272,Fluorescent,111342147,LOC111342147,Niemann-Pick C1 protein-like,PROTEIN_CODING,NW_019218326.1,
345,14.37575243,2.532867951,0.822933941,3.077850877,0.002084992,0.049718272,Fluorescent,111344133,LOC111344133,uncharacterized LOC111344133,PROTEIN_CODING,NW_019218485.1,
346,4.265554937,2.352651903,0.764866393,3.075899168,0.002098688,0.04992456,Fluorescent,111334472,LOC111334472,zonadhesin-like,PROTEIN_CODING,NW_019218028.1,
